project,parallel_core,parallel_generation,parallel_reduction,parallel_before_tests,parallel_after_tests,coverage_core,coverage_generation,coverage_reduction,coverage_before_tests,coverage_after_tests,mutation_core,mutation_generation,mutation_reduction,mutation_before_tests,mutation_after_tests
3redronin-mu-server-69683cf8009d7a0ac52452fd4b0abe06ffd0bf87-AsyncSsePublisher-L174_L178,7192,322154,35010,16,5,4370,362065,32,18,3,8059,446422,34312,19,1
3redronin-mu-server-69683cf8009d7a0ac52452fd4b0abe06ffd0bf87-AsyncSsePublisherTest-L102_L105,7045,1138322,36178,13,3,4484,2110895,7,13,0,7373,497692,35404,13,2
3redronin-mu-server-69683cf8009d7a0ac52452fd4b0abe06ffd0bf87-Http1Response-L62_L66,7206,258764,33385,12,5,4367,367964,38,14,2,8072,370226,32833,9,3
3redronin-mu-server-69683cf8009d7a0ac52452fd4b0abe06ffd0bf87-Http2Connection-L355_L359,7118,612757,31357,4,4,4489,1025337,38,4,1,8298,241541,30839,3,1
3redronin-mu-server-69683cf8009d7a0ac52452fd4b0abe06ffd0bf87-NettyResponseAdaptor-L153_L157,7180,1829040,33452,15,6,4391,385297,29,22,2,8180,370668,33330,10,2
3redronin-mu-server-69683cf8009d7a0ac52452fd4b0abe06ffd0bf87-RateLimiterImpl-L42_L45,7212,256763,39137,36,24,4377,167275,24,13,2,8092,414638,37682,17,3
3redronin-mu-server-69683cf8009d7a0ac52452fd4b0abe06ffd0bf87-RequestBodyReader-L147_L152,7179,1141461,37173,90,9,4480,1327960,39,16,2,8208,485292,33764,9,2
3redronin-mu-server-69683cf8009d7a0ac52452fd4b0abe06ffd0bf87-RequestBodyReader-L71_L76,7148,1868229,75791,29,10,4433,2581471,408,22,3,8296,405487,38513,41,2
adobe-commerce-cif-magento-graphql-0bc22bb767a8270f94ee04d85ab2571569a146a1-ProductFilterInput-L1411_L1416,7305,2048838,43753,56,8,5015,4618556,49,55,1,10599,403914,41961,6,1
adobe-commerce-cif-magento-graphql-0bc22bb767a8270f94ee04d85ab2571569a146a1-ProductSortInput-L1270_L1275,7398,2110750,43301,52,9,5053,4646419,96,58,1,10620,405284,41723,6,1
albfernandez-itext2-5ac684e2140a3d9a5b4c34dfd2639dcc87884ad0-BmpImage-L401_L415,6669,1001121,118614,144,6,4061,369815,20,30,1,7483,561854,104108,31,1
albfernandez-itext2-5ac684e2140a3d9a5b4c34dfd2639dcc87884ad0-HTMLWorker-L285_L290,6343,477197,33791,21,16,4104,1405577,46,22,2,7625,192540,32557,8,2
albfernandez-itext2-5ac684e2140a3d9a5b4c34dfd2639dcc87884ad0-PushbuttonField-L476_L492,6437,995355,66796,151,23,4090,331652,20,35,1,8749,506449,57324,40,2
albfernandez-itext2-5ac684e2140a3d9a5b4c34dfd2639dcc87884ad0-SAXiTextHandler-L460_L474,6471,2022539,55556,22,21,4128,3399525,72,33,5,7523,300715,53530,19,4
albfernandez-itext2-5ac684e2140a3d9a5b4c34dfd2639dcc87884ad0-SimpleXMLParser-L377_L383,6419,1043861,46987,16,9,4107,1844717,46,16,2,7626,345782,46200,14,2
albfernandez-itext2-5ac684e2140a3d9a5b4c34dfd2639dcc87884ad0-TiffImage-L494_L502,6520,1014874,116892,14,10,4045,397672,33,12,1,8683,684286,115014,13,1
alfasoftware-soapstone-480e00c3384796efb1b2e69ba611d0234f6af333-WebServiceInvoker-L99_L103,4374,1067618,27487,12,12,2736,166973,27,4,1,8348,162726,26265,5,1
alibaba-compileflow-e96a05224f71bf4aa3d9fb37bba85764b2fc153f-DataType-L1023_L1033,4975,974767,38146,62,22,3246,2439278,74,58,2,10383,1044230,37512,57,1
alibaba-compileflow-e96a05224f71bf4aa3d9fb37bba85764b2fc153f-DataType-L1041_L1047,4903,948423,31042,88,87,3230,2411440,71,91,1,10372,391365,29877,49,1
alibaba-compileflow-e96a05224f71bf4aa3d9fb37bba85764b2fc153f-DataType-L1056_L1066,4950,1017850,47039,140,44,3225,2363161,130,121,3,10362,447835,44075,92,3
alibaba-compileflow-e96a05224f71bf4aa3d9fb37bba85764b2fc153f-PluginManager-L133_L140,4956,498459,46782,28,6,3124,170415,20,18,1,7119,355119,46502,20,3
alibaba-compileflow-e96a05224f71bf4aa3d9fb37bba85764b2fc153f-PluginManager-L182_L185,5035,987451,29042,7,5,3181,156744,24,4,1,6953,158875,28232,4,1
apache-commons-codec-634ac7caba17b3610e8fe3dd19f9f05faf4d1f94-Rule-L223_L227,6264,1152240,33871,49,2,4404,2012462,26,49,1,8022,328637,0,0,0
apache-commons-codec-634ac7caba17b3610e8fe3dd19f9f05faf4d1f94-Rule-L532_L533,6268,1154111,44307,1,1,4363,160376,18,1,0,7977,271026,43872,1,1
apache-commons-compress-ca1052f1347e301b46b1224d6b92198699663763-ParallelScatterZipCreatorTest-L325_L329,9766,1577551,0,0,0,6357,3208095,10,141,0,13992,63872,0,0,0
apache-commons-imaging-d3b3b534198d2b0b631379515e2b53905b425e70-JpegImageParser-L391_L407,7908,1109904,57220,13,8,5123,1973037,49,11,2,8941,407864,56412,6,1
apache-dubbo-hessian-lite-ca001b4658227d5122f85bcb45032a0dac4faf0d-Hessian2Input-L1114_L1114,3751,1046135,46885,190,5,2549,153302,20,11,1,6289,168776,40674,11,1
apache-dubbo-hessian-lite-ca001b4658227d5122f85bcb45032a0dac4faf0d-Hessian2Input-L1404_L1404,3757,1049097,47445,190,5,2583,153337,24,11,1,6248,167527,40583,11,1
apache-dubbo-hessian-lite-ca001b4658227d5122f85bcb45032a0dac4faf0d-Hessian2Input-L1795_L1797,3667,1075452,37364,209,12,2588,151952,20,5,1,6514,226143,28141,10,2
apache-dubbo-hessian-lite-ca001b4658227d5122f85bcb45032a0dac4faf0d-Hessian2Input-L725_L728,3798,1010628,50964,92,6,2575,153892,18,9,1,6207,255690,48750,11,3
apache-dubbo-hessian-lite-ca001b4658227d5122f85bcb45032a0dac4faf0d-Hessian2Input-L899_L902,3649,1020145,42902,88,5,2541,153341,19,8,1,6194,168787,41074,8,1
apache-sling-org-apache-sling-servlets-resolver-75e62e657fc0b2dbbc90287cba23a24116152fce-BundledScriptTracker-L194_L201,6404,169035,40221,118,11,4137,164920,24,12,2,8797,171131,35269,12,3
apache-sling-org-apache-sling-servlets-resolver-75e62e657fc0b2dbbc90287cba23a24116152fce-BundledScriptTracker-L224_L228,6416,127142,34499,13,13,4200,822112,35,13,1,8881,211832,33454,4,1
apache-sling-org-apache-sling-servlets-resolver-75e62e657fc0b2dbbc90287cba23a24116152fce-BundledScriptTracker-L260_L268,6547,170073,51780,19,17,4159,163519,24,7,2,8845,279998,50561,10,2
apache-sling-org-apache-sling-servlets-resolver-75e62e657fc0b2dbbc90287cba23a24116152fce-BundledScriptTracker-L274_L284,6404,396121,72300,77,59,4133,166253,26,18,2,8939,404520,64073,27,3
apache-sling-org-apache-sling-servlets-resolver-75e62e657fc0b2dbbc90287cba23a24116152fce-BundledScriptTracker-L303_L305,6829,189429,40239,95,6,4130,163439,20,9,2,8765,169223,34720,9,2
apache-sling-org-apache-sling-servlets-resolver-75e62e657fc0b2dbbc90287cba23a24116152fce-BundledScriptTracker-L492_L496,6871,187561,32333,7,7,4175,945432,45,7,1,8957,368888,31332,6,1
apache-xmlgraphics-commons-d5d782f9fce99774ef206a4a4437fc86f711d9d9-TIFFImageEncoder-L448_L454,4793,1027008,51069,137,13,2946,157749,24,8,2,6411,247361,43326,12,2
apache-xmlgraphics-commons-d5d782f9fce99774ef206a4a4437fc86f711d9d9-TIFFImage-L1181_L1193,4728,1063180,257318,274,45,2958,196476,34,49,3,7080,949253,229922,251,4
apache-xmlgraphics-commons-d5d782f9fce99774ef206a4a4437fc86f711d9d9-TIFFImage-L216_L231,4635,1035688,55723,12,7,2993,1849434,41,9,1,7050,337057,54724,9,1
apache-xmlgraphics-commons-d5d782f9fce99774ef206a4a4437fc86f711d9d9-TIFFImage-L931_L943,4603,1039294,115286,214,10,2909,195804,27,48,2,6852,438681,95368,101,2
apache-xmlgraphics-commons-d5d782f9fce99774ef206a4a4437fc86f711d9d9-TIFFImage-L954_L966,4710,989374,101012,217,10,2928,190042,32,43,1,6811,425270,80013,96,3
ATLANTBH-owl-f808feae5b021ce37e7a937ab03bf3327be386ad-ServicesUtils-L47_L51,3166,976931,29052,103,13,2435,151443,29,12,2,5813,342353,25920,18,2
attoparser-attoparser-e1049dcd8261fe315b679029e711a9f5ea03f1cc-MarkupSelectorItems-L148_L149,4637,964421,43041,219,120,3156,159274,19,21,1,6711,164401,30694,21,1
attoparser-attoparser-e1049dcd8261fe315b679029e711a9f5ea03f1cc-MarkupSelectorItems-L249_L255,4526,894747,39634,20,2,3170,156125,20,10,1,6795,357188,38786,14,2
attoparser-attoparser-e1049dcd8261fe315b679029e711a9f5ea03f1cc-MarkupSelectorItems-L407_L417,4462,905956,46236,53,16,3201,168875,35,26,6,6718,186910,44098,26,3
awslabs-aws-glue-catalog-sync-agent-for-hive-2ba77e5718c5b1988e711fac37966b40665bc385-HiveGlueCatalogSyncAgent-L371_L383,4286,1258718,41822,112,4,3323,432476,25,9,1,7610,769391,34275,14,2
awslabs-aws-glue-catalog-sync-agent-for-hive-2ba77e5718c5b1988e711fac37966b40665bc385-HiveGlueCatalogSyncAgent-L408_L426,4219,1257469,47579,112,4,3321,475900,21,8,1,7581,651682,39413,11,2
Azure-azure-functions-java-worker-c92d38cdeb867f2f7e2ae9b2515c32c2ecfd1e41-BindingDataStore-L104_L104,6645,669660,32097,38,4,4091,171028,21,3,1,7694,174346,30278,3,1
Azure-Samples-cassandra-proxy-f184bcaa612808ad9348a629330cc6bc94c13105-ProxyClient-L246_L254,2456,968241,32059,91,6,2087,1788698,40,120,2,5597,325015,26044,6,2
Azure-Samples-cassandra-proxy-f184bcaa612808ad9348a629330cc6bc94c13105-Proxy-L346_L349,2470,910371,26958,26,5,2037,154656,26,10,2,5914,151642,25582,10,2
ben-xo-cdjscrobbler-921fe5394227f1f602174b7c8935697904128d53-UpdateListener-L99_L109,2496,359943,25705,11,11,2187,1171672,42,11,1,5248,447363,24612,4,1
bkatwal-kafka-solr-sink-connector-f0d022607f3d5419053bfb0c87a710fb37e00896-PlainJsonDocMappersImpl-L103_L108,3170,264485,34156,129,13,2675,1503790,48,131,3,5368,527802,28169,26,3
bkatwal-kafka-solr-sink-connector-f0d022607f3d5419053bfb0c87a710fb37e00896-SolrServiceImpl-L139_L144,3166,420447,34010,128,12,2637,1179322,59,127,3,5551,621113,28735,34,3
blackbeard334-djoom3-64362645420c99ac621b051a678de96883e2a329-AASReach-L542_L546,9454,633366,95961,110,6,6542,263121,30,8,1,10684,527034,81820,9,1
blackbeard334-djoom3-64362645420c99ac621b051a678de96883e2a329-AASReach-L575_L587,9586,633018,164097,150,15,6566,687903,23,41,3,10920,1051664,138135,46,5
blackbeard334-djoom3-64362645420c99ac621b051a678de96883e2a329-EditWindow-L287_L300,9540,632996,103635,103,3,6680,1577392,34,103,1,10322,775224,102734,102,1
blackbeard334-djoom3-64362645420c99ac621b051a678de96883e2a329-Model_lwo-L2980_L2997,9575,637938,338924,151,15,6496,358639,37,11,4,12891,822930,287514,75,5
blackbeard334-djoom3-64362645420c99ac621b051a678de96883e2a329-Simd_Generic-L1286_L1294,9390,635579,258749,64,8,6540,726349,28,46,2,12114,1499636,258576,63,8
blackbeard334-djoom3-64362645420c99ac621b051a678de96883e2a329-Simd_Generic-L1308_L1316,9541,796813,544159,87,9,6607,1052655,28,77,1,12177,2792763,549036,88,7
blackbeard334-djoom3-64362645420c99ac621b051a678de96883e2a329-Window-L1599_L1604,9575,635974,74054,126,9,6511,540349,24,19,2,11865,735954,67387,23,3
blackbeard334-djoom3-64362645420c99ac621b051a678de96883e2a329-Window-L1660_L1666,9412,635985,82983,24,9,6516,331511,20,8,1,11780,476747,81602,10,2
Blazemeter-xtn5250-240e00411e0c21995e87f5a36dd0f6fee2929af8-XI5250CrtFrame-L158_L165,3343,616334,29997,11,7,2433,152183,28,4,2,5777,222826,28859,7,2
bruceran-krpc-33c83d78574a472e3cbfc75afa87ec57253cc90c-Bootstrap-L598_L604,6712,623033,89165,97,5,4125,188372,25,6,2,9009,601598,88178,91,3
casbin-jcasbin-eb7f93118e4f6d93e44cd779ce17a2f5f2d81387-Model-L332_L336,5158,168616,65655,143,100,3403,158731,23,28,1,7028,524135,65321,143,4
cellsrg-tabbypdf-def8bb08e7733a9b87e593cb5363ef82581628c1-TableRegionDetector-L92_L95,4086,1011665,27198,21,9,2784,153552,23,8,1,5985,155313,26112,8,1
chengdedeng-waf-9ba9a18857154830a35e3b10d111d025208f73ef-CCSecurity-L101_L113,7697,1252249,33526,17,15,4987,177797,24,7,2,13046,399968,33137,13,2
chengdedeng-waf-9ba9a18857154830a35e3b10d111d025208f73ef-SecurityConfigItemValidator-L37_L40,7825,1243115,33462,51,8,4978,176741,28,6,2,12710,281168,31960,9,2
chengdedeng-waf-9ba9a18857154830a35e3b10d111d025208f73ef-SecurityConfigItemValidator-L49_L52,7797,646158,40926,53,10,4951,186727,23,8,2,12740,298137,38962,12,2
chengdedeng-waf-9ba9a18857154830a35e3b10d111d025208f73ef-ZkClusterService-L131_L138,7695,1237399,33309,10,10,5014,2072566,37,14,1,9125,290733,32881,12,1
chengdedeng-waf-9ba9a18857154830a35e3b10d111d025208f73ef-ZkClusterService-L186_L196,7676,1237654,39145,13,10,5045,1370954,36,11,1,9184,405105,38792,10,1
chengdedeng-waf-9ba9a18857154830a35e3b10d111d025208f73ef-ZkClusterService-L225_L229,7555,1237928,34608,58,58,5008,176316,21,7,1,9101,179896,32356,7,1
chengdedeng-waf-9ba9a18857154830a35e3b10d111d025208f73ef-ZkClusterService-L253_L257,7856,1238289,34997,64,64,5015,2481444,29,51,1,9114,182777,32492,7,1
chengdedeng-waf-9ba9a18857154830a35e3b10d111d025208f73ef-ZkClusterService-L287_L294,7637,1238045,33158,12,12,5009,2072983,39,13,1,9169,289576,32881,12,1
codeine-cd-codeine-355463b17c671925bc8bd3951dabb98a150dfe36-HealthServlet-L32_L37,5012,696092,31318,17,12,3220,162180,25,5,2,6576,362385,30567,14,2
darmiel-eeee-f4114a3bf831ae88f6cca606f4d0f93ac09cc210-EntryMethod-L58_L63,2644,151845,24475,7,7,2100,793085,40,8,1,7056,143406,24026,2,1
datadotworld-dw-jdbc-ac4f7d8a457dce89cbaa9eb33994304e5504fda1-SparqlResultsParser-L68_L75,7008,1141049,55056,128,6,4334,1764660,46,122,2,6608,523255,52826,112,3
datadotworld-dw-jdbc-ac4f7d8a457dce89cbaa9eb33994304e5504fda1-SparqlResultsParser-L70_L72,7138,1181272,35152,106,7,4255,451813,30,16,2,6586,163216,30009,6,2
jfinal-jfinal-076e76a4941c989d7f535035295aa3d055123131-ProxyGenerator-L100_L110,6095,179784,31296,4,4,3951,960352,39,5,1,7979,374428,31254,4,1
jhunters-jprotobuf-0e326bf8704027adc8af182e7cebc0e7a9c38e30-PrecompileTask-L164_L168,6334,92970,0,0,0,3962,371918,6,0,0,7196,11775,0,0,0
jonatan-kazmierczak-class-visualizer-71015106c3316c02d366af71d9883c909d9ac772-GUIHandler-L35_L45,2613,613971,30978,2,2,2070,1244090,38,14,2,5048,197366,30713,1,1
joniles-mpxj-91540932b1db27a525f1ee9e9fb9d878acedfc74-MPPAssignmentField-L56_L59,8749,1277887,48392,25,7,5534,304810,21,7,1,10095,367130,47725,7,1
joniles-mpxj-91540932b1db27a525f1ee9e9fb9d878acedfc74-MPPProjectField-L52_L55,8953,1277620,47514,28,7,5467,303948,17,7,1,9648,295184,46600,7,1
joniles-mpxj-91540932b1db27a525f1ee9e9fb9d878acedfc74-MPPResourceField-L55_L58,8906,1281781,48280,29,7,5479,301169,22,7,1,10157,328696,47417,7,1
joniles-mpxj-91540932b1db27a525f1ee9e9fb9d878acedfc74-MPPTaskField-L55_L58,8825,1273455,49412,24,7,5561,281468,21,7,1,10227,296861,48236,7,1
jruby-jcodings-4eb6216f88f2b4ce80b555cc58e3f86e88b72c86-Transcoding-L231_L245,3837,620565,93330,126,15,2723,180687,25,21,3,8650,310723,78240,25,6
jruby-joni-d4696c4f6dcdd1484895abae4b9b3c62874759e1-Lexer-L1178_L1183,3257,616658,66587,202,123,2426,1440897,63,196,2,6209,430387,53759,134,2
jruby-joni-d4696c4f6dcdd1484895abae4b9b3c62874759e1-Matcher-L341_L349,3392,614886,57755,147,18,2389,159363,29,30,4,5528,182734,50371,30,7
jruby-joni-d4696c4f6dcdd1484895abae4b9b3c62874759e1-Matcher-L352_L362,3295,615523,59582,173,17,2421,167858,20,49,2,5648,258012,50281,53,6
jruby-joni-d4696c4f6dcdd1484895abae4b9b3c62874759e1-Matcher-L434_L442,3209,617079,79871,249,68,2368,158789,32,26,4,6071,253770,53300,30,5
jtidy-jtidy-aade7c5a6c1007d013859ac95378a2d469f5e254-Lexer-L2517_L2525,3682,1107780,85007,299,20,2581,80424,28,3,3,6948,276110,50762,107,2
jtidy-jtidy-aade7c5a6c1007d013859ac95378a2d469f5e254-PPrint-L737_L778,3630,1049176,546947,342,42,2575,90872,23,28,2,6362,1804810,484147,252,36
jtidy-jtidy-aade7c5a6c1007d013859ac95378a2d469f5e254-PPrint-L904_L912,3569,1079368,37415,162,6,2583,297414,32,13,2,6716,310713,32036,13,2
junichi11-netbeans-color-codes-preview-97a0262a3c15ab5842c43b68019e1e355ad7d3a8-ColorCodesPanel-L102_L108,4575,802495,0,0,0,3189,1553762,10,0,0,7100,315703,0,0,0
junichi11-netbeans-color-codes-preview-97a0262a3c15ab5842c43b68019e1e355ad7d3a8-HexCssColorCodesProvider-L121_L131,4513,793024,0,0,0,3180,1477978,7,0,0,7000,244560,0,0,0
keighrim-mae-annotation-a4bf15aaad14f80b4c6a076bd01c58f6e4d07000-FontHandler-L129_L132,4046,618026,29113,103,79,2679,1182514,31,103,1,5794,230048,26102,19,1
keighrim-mae-annotation-a4bf15aaad14f80b4c6a076bd01c58f6e4d07000-MaeAgreementGUI-L291_L295,4089,618510,32991,21,5,2687,1302721,40,19,2,6183,243205,31069,9,2
lastaflute-lastaflute-01201e2eee995053bf6f9febcf58ace01ed38c30-ActionFormMapper-L928_L935,6099,199446,38418,15,7,3794,937751,24,15,2,7974,213842,38440,15,2
lastaflute-lastaflute-01201e2eee995053bf6f9febcf58ace01ed38c30-ActionValidator-L745_L745,6147,309184,29064,1,1,3692,170031,17,1,1,7787,236169,28875,1,1
lastaflute-lastaflute-01201e2eee995053bf6f9febcf58ace01ed38c30-GodHandableAction-L418_L421,6057,181158,42477,15,10,3698,176555,31,15,1,7358,191329,41958,15,1
lastaflute-lastaflute-01201e2eee995053bf6f9febcf58ace01ed38c30-JsonUnifiedTextReadingFilter-L45_L52,5986,172607,32377,8,2,3805,827456,34,8,1,6885,240612,32121,7,1
lastaflute-lastaflute-01201e2eee995053bf6f9febcf58ace01ed38c30-MDCHook-L95_L98,5987,221459,30079,6,5,3841,899270,32,6,1,7094,338098,29719,3,1
lastaflute-lastaflute-01201e2eee995053bf6f9febcf58ace01ed38c30-RequestLoggingFilter-L751_L754,5974,173756,30265,2,1,3806,975940,22,2,1,7645,340324,29922,2,1
lastaflute-lastaflute-01201e2eee995053bf6f9febcf58ace01ed38c30-RestfulStructuredMethodVerifier-L423_L423,6066,175854,29558,14,3,3773,170198,19,12,1,7400,174002,29185,12,3
lastaflute-lastaflute-01201e2eee995053bf6f9febcf58ace01ed38c30-SimpleAsyncManager-L733_L736,6054,347722,37427,10,3,3780,167856,28,10,2,7721,358900,37520,10,2
leonhad-paradoxdriver-de3a6ad18b6c7f1d461383876339dc8086beaead-ConnectionInfo-L507_L508,4530,998799,32479,9,5,3057,1508270,36,5,1,6556,461242,32093,4,1
leonhad-paradoxdriver-de3a6ad18b6c7f1d461383876339dc8086beaead-FunctionNode-L105_L109,4561,947209,29930,124,17,2982,166993,19,5,1,6125,165789,27677,5,1
magdel-MapNav-97c4f93f02a56aa1ce2b2ffc8d0cd41ed150e9b3-MapCanvas-L1732_L1734,4109,621804,133678,113,2,2836,169309,19,12,1,8716,497001,110978,13,2
maxmind-geoip-api-java-0ed8a38981512667533d47204486aae0278a1bc8-regionName-L11_L23,2841,1265057,394830,107,26,2233,178259,23,70,3,6859,592306,328861,72,15
maxmind-geoip-api-java-0ed8a38981512667533d47204486aae0278a1bc8-timeZone-L33_L81,2891,1259847,188582,126,29,2280,179804,66,91,25,6518,329722,177611,91,1
messai-engineering-Yuga-40b006970e6e9a1eb5fc13e739f22232c683a965-Yuga-L239_L245,3262,613468,110941,276,27,2286,156355,32,43,2,6480,377469,67436,81,4
mvel-mvel-236d37bc78a158553592afedbbf1aa27815efb78-AbstractParser-L324_L329,8120,2056463,203797,343,33,4826,181523,30,23,2,6641,473982,171548,124,3
PeterisP-morphology-1195adb7bb994292e5b06f2b20f4feb6191ca951-Mijas-L122_L125,4257,226188,80298,8,2,3021,1066822,81,10,1,7135,445314,74189,3,1
pvto-konte-art-03c969d8fd62ba3c7175a840e6a785049183f4b6-Parser-L611_L613,4658,905477,46102,105,105,3094,2078791,48,115,1,7164,524268,45370,106,1
tud-fop-j-Algo-f59fbbd9ccc3f41d6866fda44324622e2b47eef2-C00Lexer-L1628_L1633,7957,862725,121414,62,15,5210,808791,22,35,2,9192,1046219,119745,42,8
tud-fop-j-Algo-f59fbbd9ccc3f41d6866fda44324622e2b47eef2-C00Parser-L1146_L1155,7968,632414,69393,23,5,5119,412104,23,20,1,11336,651070,71778,34,2
davidmoten-aws-maven-plugin-e027d61b07cdc0e8b915217f1f6aca9b0f41011d-BeanstalkRemovePortsMojo-L103_L108,4329,650843,28248,20,11,2709,153677,26,11,2,6977,156424,27714,11,2
delthas-JavaMP3-8b42e48a549813b43c99db9fef525286c888a082-Decoder-L711_L714,2806,1202114,206401,268,10,2207,151564,19,5,1,6859,1233829,96754,66,3
demidenko05-beigesoft-accounting-0170596e736d3cc69f70c88ced3b9d78f63ddca1-InvoiceReportPdf-L142_L148,4413,1665027,31268,42,34,2922,167684,23,18,2,6513,260329,29895,24,2
demidenko05-beigesoft-webstore-624d41d82547ff897ca5b3740d8d73cb2dacf052-PrcRefreshItemsInList-L776_L783,3521,980359,34415,37,14,2550,157119,30,11,2,6356,348684,32978,15,2
demidenko05-beigesoft-webstore-624d41d82547ff897ca5b3740d8d73cb2dacf052-PrcRefreshItemsInList-L798_L821,3523,619015,61015,16,4,2562,1162533,25,16,2,6772,334111,60698,16,2
dingjs-javaagent-aa1cea60d0042f58977fb5d42c16afca92ad589d-Executor-L282_L293,4199,1031888,137568,152,121,2845,192380,35,26,4,6974,554905,126954,37,5
dnsjava-dnsjava-206c9e51ac18e1ed6f82beb16cb6c0ff1f83b095-LookupSession-L302_L306,8485,646743,38929,64,12,6456,1737445,32,59,1,15479,190347,36579,3,1
domclick-kafka-logback-91d21ace796dd29ef953b86fcd7ebe55f43ca58d-KafkaAppender-L95_L104,2778,1247594,43705,40,15,2141,150700,25,10,3,5231,345816,40937,24,3
erdtman-java-json-canonicalization-535ab0075405f6aafb96a4197f943838130666d3-NumberDToA-L461_L466,3646,809342,245046,334,14,2831,149646,25,15,3,6004,1638291,256646,320,2
erdtman-java-json-canonicalization-535ab0075405f6aafb96a4197f943838130666d3-NumberDToA-L468_L473,3603,844735,262300,327,17,2791,149342,30,12,2,6158,665687,229792,120,2
erdtman-java-json-canonicalization-535ab0075405f6aafb96a4197f943838130666d3-NumberDToA-L523_L532,3598,866426,162377,140,125,2861,150057,26,12,2,6100,399051,93795,17,3
erdtman-java-json-canonicalization-535ab0075405f6aafb96a4197f943838130666d3-NumberDToA-L828_L839,3710,913788,326548,250,115,2762,153398,29,30,3,6238,946052,79060,42,6
errai-errai-d2edc4632373096f8d81c93f18cd874fa5501b90-JsTypeAntiInliningExtension-L94_L95,61992,164680,0,0,0,53221,1512810,8,0,0,19413,120909,0,0,0
EsotericSoftware-yamlbeans-763726d51c99824218051e485e1b44f7477456fa-ScalarAnalysis-L154_L163,2992,1239944,45929,37,29,2249,150006,35,8,6,5098,162183,42257,8,2
EsotericSoftware-yamlbeans-763726d51c99824218051e485e1b44f7477456fa-ScalarAnalysis-L88_L99,2970,1252744,69105,177,21,2266,155395,27,36,5,5243,252096,55729,43,7
EsotericSoftware-yamlbeans-763726d51c99824218051e485e1b44f7477456fa-YamlReader-L350_L359,3040,1132971,62410,275,229,2271,1757581,139,266,3,5590,512608,43525,163,3
EXIficient-exificient-core-fce10c39fe654c9ae9660454ac6d6d2abc6a48ac-FidelityOptions-L395_L406,3706,981620,97277,221,22,2473,165553,32,38,4,5837,278241,68006,43,6
EXIficient-exificient-core-fce10c39fe654c9ae9660454ac6d6d2abc6a48ac-FidelityOptions-L431_L442,3550,915191,94549,205,18,2468,167902,27,44,5,5788,280659,69589,49,5
EXIficient-exificient-core-fce10c39fe654c9ae9660454ac6d6d2abc6a48ac-FidelityOptions-L460_L471,3727,890511,94022,208,23,2480,170712,28,49,4,5776,209284,68651,49,5
EXIficient-exificient-core-fce10c39fe654c9ae9660454ac6d6d2abc6a48ac-FidelityOptions-L497_L508,3586,914945,93291,203,20,2500,167070,36,42,4,5795,280567,68639,47,6
EXIficient-exificient-core-fce10c39fe654c9ae9660454ac6d6d2abc6a48ac-FidelityOptions-L592_L607,3808,964246,87273,124,23,2458,169320,40,45,5,5769,213212,72302,45,5
EXIficient-exificient-core-fce10c39fe654c9ae9660454ac6d6d2abc6a48ac-FidelityOptions-L631_L642,3718,944723,70587,109,20,2502,166058,31,36,4,5820,195717,58650,36,4
EXIficient-exificient-core-fce10c39fe654c9ae9660454ac6d6d2abc6a48ac-FidelityOptions-L660_L671,3704,977502,70967,126,21,2480,164649,30,36,4,5777,195461,57909,36,4
EXIficient-exificient-core-fce10c39fe654c9ae9660454ac6d6d2abc6a48ac-FidelityOptions-L697_L708,3655,977546,72653,115,24,2493,164789,31,36,4,5751,195818,58695,36,4
f4b6a3-uuid-creator-f9e6e6d02ecc8dac16a56e4fab1bd24caec8171c-TimeOrderedEpochFactory-L415_L416,4404,180267,36825,1,1,2737,195654,22,1,0,5740,36543,0,0,0
f4b6a3-uuid-creator-f9e6e6d02ecc8dac16a56e4fab1bd24caec8171c-TimeOrderedEpochFactory-L431_L434,4325,182634,34850,1,1,2737,197610,22,1,0,5782,36475,0,0,0
fabric8io-docker-maven-plugin-40371e754a6f3122af6d3019508c364627580935-AbstractDockerMojo-L496_L499,7807,229914,35360,23,6,4759,180093,25,17,2,8819,187400,34719,17,2
finmath-finmath-lib-ad5d22e93e335cd88c95f8f2d7ba6336e3947e68-Black76Model-L334_L342,12947,1511633,0,0,0,6831,2436258,8,0,0,9924,70497,0,0,0
finmath-finmath-lib-ad5d22e93e335cd88c95f8f2d7ba6336e3947e68-Black76Model-L351_L360,12565,1510637,0,0,0,6840,2439617,9,0,0,10269,70772,0,0,0
finos-messageml-utils-8dc8971aee55c36fbc2bce55a5e62ef254cc2eb9-BiContext-L101_L104,7384,777737,45777,167,24,4750,166196,29,11,1,8062,438644,34476,27,2
fizzed-jne-199d45bd8728807b61356fd1c0f17079b567ed60-JavaHomes-L211_L213,4150,1155335,34016,108,8,2883,153695,31,17,2,6337,157367,28981,17,2
forcedotcom-wsc-df588f1411b855687b9dfb5cfa69026e92ebb34e-MXParser-L1929_L1942,4119,1155902,146425,208,37,2793,196206,41,83,11,6765,470527,126706,94,11
forcedotcom-wsc-df588f1411b855687b9dfb5cfa69026e92ebb34e-MXParser-L1964_L1969,4141,1153421,56510,177,9,2864,162136,24,24,2,6744,367795,46220,27,3
fsantiag-sonar-clojure-8935e2291d21d57922006bab2f7fdd82d08e415e-EastwoodIssueParser-L23_L30,3092,1200362,37883,130,8,2384,1639032,71,127,1,5379,308717,32614,13,1
gabrie-allaigre-sonar-gitlab-plugin-1a6b20737c0e034fed35f555442fa493c6268e9f-GitLabApiV3Wrapper-L251_L255,5476,778036,85680,210,203,3505,157061,26,17,1,6866,355528,61793,22,2
gabrie-allaigre-sonar-gitlab-plugin-1a6b20737c0e034fed35f555442fa493c6268e9f-GitLabApiV4Wrapper-L257_L261,5576,769137,85221,211,203,3472,157408,26,17,2,6853,384756,61574,23,2
george-haddad-cardme-2cdb02c627d103041288bc57f06b9deeb02f194a-VCardEngine-L2345_L2353,4820,956811,59243,144,39,3109,165514,35,20,2,6003,368718,47398,23,2
googleapis-disco-to-proto3-converter-32cf5993853b1218e97e54c556f3922f49014eb8-DocumentToProtoConverter-L222_L226,3129,1123632,41520,266,10,2420,151083,21,6,1,5984,153029,26236,8,2
graphstream-gs-core-950b87280075f92a85b564b47ce6522ced5ba53a-StyleSheetParserTokenManager-L72_L96,5582,517892,255179,194,28,3489,254816,20,63,2,8191,591227,235090,78,13
hageldave-ezFFTW-20d97041dfde6731bbfc02980cf2b581c62161ec-FFTTest-L209_L220,2541,652502,147966,6,1,2664,1561501,9,8,0,5108,597025,144938,7,1
Harium-keel-bb6a1cf5104d609399ddf9a803ae60d6caee7a3b-SingularValueDecomposition-L180_L188,4996,674747,106283,255,82,3234,177738,37,23,2,5872,418354,77383,31,5
Harium-keel-bb6a1cf5104d609399ddf9a803ae60d6caee7a3b-SingularValueDecomposition-L243_L256,5044,820218,226959,211,20,3200,218363,35,55,4,5787,873573,197516,169,7
HelixNetwork-pendulum-919ae1df7ca4359aad6b9a4575beb9d3ca4de8ef-SnapshotServiceImpl-L142_L142,6809,308773,38109,17,4,4230,166739,26,9,1,6684,176531,36183,9,1
hermannpencole-nifi-config-e4a8a251bd01fd4026ac4fe6868791f4496ce882-ConnectionsUpdater-L102_L106,3484,795984,26646,13,9,2534,150699,23,5,1,6265,226786,25872,9,1
hermannpencole-nifi-config-e4a8a251bd01fd4026ac4fe6868791f4496ce882-ConnectionsUpdater-L111_L115,3595,800000,26745,12,9,2520,150643,21,5,1,6262,226337,25911,9,1
hermannpencole-nifi-config-e4a8a251bd01fd4026ac4fe6868791f4496ce882-ConnectionsUpdater-L122_L126,3460,786756,26557,10,8,2541,150803,19,4,1,6284,226340,25755,8,2
heroku-heroku-jvm-application-deployer-ffd498f1a94853b30bc0275a6ef495f2ec3a11f7-Main-L110_L117,2955,622071,28821,4,4,3080,1224145,38,4,1,8663,221588,28141,3,1
hoijui-Jawk-33cfbc2bc14bc9c75fedccbe2963ef26b61543dc-AVM-L563_L584,3817,351053,43203,43,18,2538,165034,35,32,6,6881,179867,41944,32,6
hoijui-Jawk-33cfbc2bc14bc9c75fedccbe2963ef26b61543dc-AVM-L849_L862,3719,355463,42103,75,20,2564,2203157,59,77,3,6921,373362,39910,32,3
hoijui-Jawk-33cfbc2bc14bc9c75fedccbe2963ef26b61543dc-AwkParser-L697_L710,3647,228114,68444,66,9,2578,847021,59,71,2,7137,264465,64869,20,3
hummeling-if97-a508c11bea77ebc39d6bf8c7b21854947e07ca96-Region3-L1201_L1206,2463,1139579,125690,215,20,1982,152041,29,10,1,8170,286938,52821,11,2
hummeling-if97-a508c11bea77ebc39d6bf8c7b21854947e07ca96-Region3-L1209_L1216,2605,1221784,379871,374,29,1953,153227,23,12,1,8391,262369,56127,12,3
iamazy-elasticsearch-sql2-05a7743fb2bb70816f8255a7e7b3086374b15d8c-BinaryQueryParser-L29_L35,6227,1020735,35191,54,21,4129,167118,23,8,1,10865,370786,32464,11,2
iamazy-elasticsearch-sql2-05a7743fb2bb70816f8255a7e7b3086374b15d8c-BinaryQueryParser-L85_L89,6090,625950,31502,29,9,4103,163264,25,9,2,7327,167485,30055,9,2
iamazy-elasticsearch-sql2-05a7743fb2bb70816f8255a7e7b3086374b15d8c-BinaryQueryParser-L99_L111,6107,633383,36372,13,5,4219,1543533,43,13,2,10951,522386,35904,16,2
IBlogLab-enhance-gateway-9b175549c6f9228096be92424c712e07686e9e4b-LoggingRecordResource-L169_L174,5727,808233,50786,39,11,3923,172901,20,20,1,7568,308911,48860,22,3
iipc-jwarc-e4ff0fe435c378b68b482a3ca1502b70b33fe872-WarcFilterCompiler-L144_L154,3424,1018708,34903,25,7,2394,1792631,45,24,2,7948,448208,33893,17,3
iotaledger-cliri-1f974cafb1c17d96ae7e0a6856f563dcf3794238-Node-L200_L208,6136,259877,38563,107,6,3646,156931,19,2,1,6210,161438,30094,5,1
iotaledger-cliri-1f974cafb1c17d96ae7e0a6856f563dcf3794238-Node-L203_L207,5946,269576,36649,104,4,3686,160671,22,5,1,6109,165181,29747,5,1
Isaac315-sql-translator-78f3fb0091c94563a640ef672de3e75e2b5c3bb2-OracleSQLDataTypeTransformUtil-L209_L216,4022,279028,29349,18,14,3556,163315,22,8,2,6827,166484,28179,8,2
Isaac315-sql-translator-78f3fb0091c94563a640ef672de3e75e2b5c3bb2-OracleSQLDataTypeTransformUtil-L87_L97,4014,273292,57326,59,26,3552,155223,36,29,5,6744,378424,55218,46,4
Isaac315-sql-translator-78f3fb0091c94563a640ef672de3e75e2b5c3bb2-OracleToMySqlFunctionTransform-L110_L119,4005,605463,45011,113,25,3579,1464800,92,114,4,6898,197523,37655,33,4
Isaac315-sql-translator-78f3fb0091c94563a640ef672de3e75e2b5c3bb2-OracleToMySqlFunctionTransform-L117_L117,3976,511713,28169,9,4,3575,1800941,51,8,1,7311,160431,27172,2,1
jahlborn-jackcess-22bf8a8642c84fc500f5c66ef59de1f7211f93a3-FormatUtil-L1091_L1092,7537,240656,37740,36,30,4948,174077,21,7,1,9551,278078,37127,17,2
jahlborn-jackcess-22bf8a8642c84fc500f5c66ef59de1f7211f93a3-FormatUtil-L1099_L1102,7604,232089,40647,65,62,4935,175574,24,7,2,9506,277028,39196,15,1
jai-imageio-jai-imageio-core-f81bc1ab19faa210ad289c6ae2588bc1157fd07a-BMPImageReader-L470_L492,5144,1119371,225242,216,34,3333,242367,39,71,9,7537,437959,170526,80,12
jai-imageio-jai-imageio-core-f81bc1ab19faa210ad289c6ae2588bc1157fd07a-BMPImageWriter-L679_L684,5911,916565,64293,137,135,3385,2006883,43,121,1,7378,253981,54137,8,1
jai-imageio-jai-imageio-core-f81bc1ab19faa210ad289c6ae2588bc1157fd07a-BMPMetadata-L1006_L1027,5345,958726,237903,198,27,3348,190501,28,40,5,7270,534750,185784,45,10
jai-imageio-jai-imageio-core-f81bc1ab19faa210ad289c6ae2588bc1157fd07a-BMPMetadata-L952_L960,5200,1887959,152660,125,18,3354,167258,29,14,1,7252,415185,81555,22,2
jai-imageio-jai-imageio-core-f81bc1ab19faa210ad289c6ae2588bc1157fd07a-PNMImageReader-L427_L436,5191,970420,206807,220,14,3346,183962,28,33,2,7160,706404,189934,189,4
jai-imageio-jai-imageio-core-f81bc1ab19faa210ad289c6ae2588bc1157fd07a-PNMImageReader-L463_L475,5268,1059850,483403,284,16,3343,189416,27,35,2,7155,910662,449351,237,4
jai-imageio-jai-imageio-core-f81bc1ab19faa210ad289c6ae2588bc1157fd07a-PNMImageWriter-L443_L454,6358,1019949,59218,164,13,3349,181994,27,28,4,7027,204263,48091,28,6
jai-imageio-jai-imageio-core-f81bc1ab19faa210ad289c6ae2588bc1157fd07a-RawRenderedImage-L312_L319,5216,995335,144181,148,43,3343,161487,20,9,1,7086,218372,83474,9,2
jai-imageio-jai-imageio-core-f81bc1ab19faa210ad289c6ae2588bc1157fd07a-RawRenderedImage-L451_L464,5427,1020166,89787,140,14,3322,161984,22,9,3,7137,197751,62092,9,4
jai-imageio-jai-imageio-core-f81bc1ab19faa210ad289c6ae2588bc1157fd07a-RawRenderedImage-L537_L545,5246,950459,137391,194,9,3323,175076,28,23,2,7102,603387,131877,165,3
jai-imageio-jai-imageio-core-f81bc1ab19faa210ad289c6ae2588bc1157fd07a-TIFFDecompressor-L1143_L1152,5246,1887245,50051,59,15,3364,184892,30,12,3,7191,204554,46418,12,3
jai-imageio-jai-imageio-core-f81bc1ab19faa210ad289c6ae2588bc1157fd07a-TIFFImageMetadata-L888_L905,5322,1038204,41796,4,1,3385,1819320,48,62,1,7701,293146,41894,11,1
jai-imageio-jai-imageio-core-f81bc1ab19faa210ad289c6ae2588bc1157fd07a-TIFFImageWriter-L1762_L1767,5310,1889006,99910,135,29,3375,179589,24,18,2,7935,268181,39767,22,1
jai-imageio-jai-imageio-core-f81bc1ab19faa210ad289c6ae2588bc1157fd07a-TIFFImageWriter-L745_L750,5379,1044003,48942,50,7,3333,203263,23,17,1,7894,394403,46991,18,1
jano7-executor-afa9dd02560c69e26f4addcd5b68500c5e95241b-KeySequentialBoundedExecutorTest-L113_L117,2504,1486588,29330,8,3,2763,3053570,7,9,0,5306,150563,28881,5,1
JeffLi1993-java-core-learning-example-09f71b5606eeec1c65afafa4b3c7eddcc4a96732-CountDownLatchT-L26_L34,3839,620306,40505,4,3,2598,1313227,44,5,1,8126,230833,41858,3,1
jenkins-infra-update-center2-5b1203f26470aa07d226974b599e53315a270a92-TieredUpdateSitesGenerator-L108_L113,3552,621748,0,0,0,2538,436826,31,10,0,8550,151864,0,0,0
jessin20161124-miniDubboOpen-a02a5c2b393456861401b14057752fb22a7308ab-DubboInvoker-L56_L60,4797,1182531,39355,148,6,4565,2626425,49,148,2,6706,340744,28623,3,1
jessin20161124-miniDubboOpen-a02a5c2b393456861401b14057752fb22a7308ab-FastjsonSerializer-L269_L270,4757,1206145,35054,102,14,3447,157241,26,14,1,7073,158013,27180,14,1
jessin20161124-miniDubboOpen-a02a5c2b393456861401b14057752fb22a7308ab-NettyServerHandler-L104_L111,4706,1189250,44025,153,12,3503,2311896,61,153,2,6981,333360,30447,8,1
jetlang-remoting-505aadcc72f28bdf1796ce6fc5b490cece2e5375-JetlangTcpClient-L220_L225,3889,485998,30648,4,4,3822,1160889,36,2,1,6451,418769,28860,15,2
jetlang-remoting-505aadcc72f28bdf1796ce6fc5b490cece2e5375-JetlangTcpClient-L337_L338,3992,191132,26878,10,4,2719,153326,20,5,1,6452,154466,26286,5,1
leonhad-paradoxdriver-de3a6ad18b6c7f1d461383876339dc8086beaead-SelectPlan-L292_L298,4685,988015,49378,132,31,3007,1673008,252,124,2,6701,524172,30867,17,1
lettuce-io-lettuce-core-761d60247159662ce1db8bc20318bc4b573bc010-LettuceExtension-L220_L228,35216,1940064,118357,68,6,25001,4199639,7,51,0,17259,949007,92809,7,3
lettuce-io-lettuce-core-761d60247159662ce1db8bc20318bc4b573bc010-RedisChannelHandler-L183_L190,35485,328177,87894,4,3,24996,1438801,42,5,1,17607,627199,87987,7,2
lettuce-io-lettuce-core-761d60247159662ce1db8bc20318bc4b573bc010-RedisClusterClient-L1016_L1024,35427,264525,90160,10,9,24983,249479,22,3,1,18334,831045,90585,16,2
lettuce-io-lettuce-core-761d60247159662ce1db8bc20318bc4b573bc010-RedisClusterClient-L997_L1004,35754,274327,87221,13,3,25018,1864994,40,36,1,18484,730385,87219,13,2
lettuce-io-lettuce-core-761d60247159662ce1db8bc20318bc4b573bc010-RedisURI-L926_L930,35280,243186,76180,10,1,24957,1374596,31,11,1,18089,579530,76251,10,1
lettuce-io-lettuce-core-761d60247159662ce1db8bc20318bc4b573bc010-StatefulRedisConnectionImpl-L189_L191,35097,406846,73870,1,1,24918,266776,21,1,0,17762,522713,72956,1,1
lettuce-io-lettuce-core-761d60247159662ce1db8bc20318bc4b573bc010-StatefulRedisConnectionImpl-L220_L225,37345,1064373,84208,1,1,24960,2287846,23,1,0,17914,1360801,82175,1,1
loehndorf-scengen-5e11067f76f5631a31b75f823cd3666a769b098f-Generator-L186_L195,5019,628275,134108,32,18,3386,219254,28,31,2,6865,404634,125818,31,2
logpresso-CVE-2021-44228-Scanner-35c37dd6941d6b77d103229302cadd473b97a816-Configuration-L348_L364,2320,1149799,85983,210,10,1866,429390,45,117,3,5348,495883,59160,108,5
lzgabel-camunda-cloud-bpmn-converter-5a301723aa17c90a090c235f91d5491a1f7c249f-IntermediateCatchEventProcessor-L48_L61,5171,1255980,57568,244,13,3779,1818014,69,240,4,7377,356862,36489,46,4
magdel-MapNav-97c4f93f02a56aa1ce2b2ffc8d0cd41ed150e9b3-MapCanvas-L5412_L5414,4153,622123,65878,144,13,2823,178690,24,18,1,8430,200515,54066,18,2
magdel-MapNav-97c4f93f02a56aa1ce2b2ffc8d0cd41ed150e9b3-MapForms-L1022_L1049,4035,624766,385270,40,14,2874,1326273,37,46,3,9673,921339,401322,46,10
mangstadt-biweekly-5baf97e7f64d1daf0c4f6277b3600021be28303e-RecurrenceIteratorFactory-L232_L233,6833,623200,60983,22,11,4101,164133,20,10,1,5896,198765,59189,10,2
MarkShen1992-Mashibing_High_Concurrency-f408144caf72de0391f6e271eec6b92021ab1ca4-TicketSeller2-L26_L34,3698,1887172,154918,68,8,2589,157207,24,5,1,8215,389013,127343,14,1
MarkShen1992-Mashibing_High_Concurrency-f408144caf72de0391f6e271eec6b92021ab1ca4-TicketSeller4-L26_L33,3544,1887266,144655,63,12,2621,156853,21,5,1,8178,581102,143289,15,1
maven-nar-nar-maven-plugin-e747b5ee080b243e0b817f722a43c9c203bb4df8-Linker-L408_L417,5586,702898,33695,20,20,3652,1263469,38,14,1,7592,213570,33177,5,1
maven-nar-nar-maven-plugin-e747b5ee080b243e0b817f722a43c9c203bb4df8-Linker-L430_L442,5671,1358747,40841,97,11,3638,168060,28,13,3,7497,178568,37524,13,3
maven-nar-nar-maven-plugin-e747b5ee080b243e0b817f722a43c9c203bb4df8-NarCompileMojo-L352_L362,5517,1889669,38310,97,93,3639,3203150,67,53,1,7658,2281409,36604,70,1
maven-nar-nar-maven-plugin-e747b5ee080b243e0b817f722a43c9c203bb4df8-NarIntegrationTestMojo-L708_L718,5646,472324,53593,29,7,3615,169861,22,16,2,7678,395735,52526,18,2
maven-nar-nar-maven-plugin-e747b5ee080b243e0b817f722a43c9c203bb4df8-NarIntegrationTestMojo-L952_L955,5637,1888787,34830,46,11,3593,169059,23,12,2,7635,175386,33136,12,3
meteoinfo-wContour-dade1e866bf3d3eab56bd09f2b1dcdac5c1ee6f6-Contour-L118_L138,3542,940411,428477,226,20,2386,173097,39,54,4,8093,846821,421968,197,14
meteoinfo-wContour-dade1e866bf3d3eab56bd09f2b1dcdac5c1ee6f6-Contour-L1699_L1708,3611,913945,204330,222,196,2409,175063,28,68,2,7576,447930,165587,93,8
meteoinfo-wContour-dade1e866bf3d3eab56bd09f2b1dcdac5c1ee6f6-Contour-L1710_L1725,3607,872332,296937,250,217,2435,178886,37,81,3,7702,572708,230555,97,12
meteoinfo-wContour-dade1e866bf3d3eab56bd09f2b1dcdac5c1ee6f6-Contour-L238_L255,3504,798843,330936,273,17,2423,183363,30,82,3,8144,737840,302457,210,10
meteoinfo-wContour-dade1e866bf3d3eab56bd09f2b1dcdac5c1ee6f6-Contour-L3109_L3123,3688,888260,168221,206,64,2383,168530,33,44,5,8158,318160,111055,55,6
meteoinfo-wContour-dade1e866bf3d3eab56bd09f2b1dcdac5c1ee6f6-Contour-L4177_L4190,3640,915443,171673,192,20,2430,165360,31,33,2,8275,414784,103780,49,5
mimno-Mallet-ff204eb8aa7f414e779f37843fb68b3e1fdc7015-SVD-L161_L168,19935,1375419,189056,223,13,15757,318657,32,36,3,19105,1082491,170395,149,4
mimno-Mallet-ff204eb8aa7f414e779f37843fb68b3e1fdc7015-SVD-L415_L417,19494,993907,212380,329,115,15879,268891,23,18,1,19222,568718,153896,25,3
mimno-Mallet-ff204eb8aa7f414e779f37843fb68b3e1fdc7015-SVD-L69_L78,19403,1358834,196758,249,21,15662,340470,30,41,4,19249,660631,155399,58,3
mjsalerno-UnoBot-4ee2ef9abe11a299a434f9ea998b6dddd8a4b0aa-UnoBot-L576_L587,2609,658829,91532,126,12,2151,154270,28,48,3,5883,998687,92046,129,8
mojohaus-license-maven-plugin-b9ec9b85e32fa978b8bdd9aee018b0bf94a518fe-CalcFileWriter-L608_L620,5929,186048,33810,45,32,3721,619901,58,45,3,8116,272636,32994,27,3
mojohaus-license-maven-plugin-b9ec9b85e32fa978b8bdd9aee018b0bf94a518fe-ExcelFileWriter-L483_L495,6052,203292,33417,45,32,3750,603526,67,45,4,8013,274142,32887,27,3
monkeymq-jgossip-4bfc8e791381f70d62ea4ad6d8ae952da840dd0d-UDPMsgService-L97_L101,2787,1097540,27874,47,7,2191,1699176,45,28,2,5562,338108,26385,24,2
mvel-mvel-236d37bc78a158553592afedbbf1aa27815efb78-ASMAccessorOptimizer-L1212_L1220,7847,199805,39731,110,110,4823,1090328,39,110,1,7312,367049,35303,11,1
mvel-mvel-236d37bc78a158553592afedbbf1aa27815efb78-ASMAccessorOptimizer-L1833_L1842,7924,252900,68042,120,19,4749,173699,24,12,3,7371,397260,60715,14,3
mvel-mvel-236d37bc78a158553592afedbbf1aa27815efb78-ASMAccessorOptimizer-L1991_L1996,7743,254367,69142,131,36,4790,177847,27,17,2,7313,406071,62410,21,2
narupley-not-going-to-be-commons-ssl-346bb4e8481316687a643219800a398ecd8f62a8-PKCS8Key-L659_L695,3492,1242169,95902,78,15,2588,2062646,61,64,6,6698,393326,87037,16,3
Neop-mudmap2-070650853bc37663525f0d62fb54a029e364eafd-WorldFileJSON-L347_L362,3668,1001869,49019,28,25,2500,1785201,51,13,2,6031,363396,47608,12,2
nothingax-micro-DB-1bbae368f7670f94130606fa65bcbc8ccbb89b98-Aggregate-L74_L81,2635,1216999,39053,222,10,2012,147920,21,5,2,7161,214467,25281,8,2
OpenLiberty-ci.common-b48d061d33b28b6dd5d48f52f25e032e3fc45614-DevUtil-L4311_L4320,3035,983538,41411,16,11,2351,1913838,48,21,2,7905,552579,41154,15,2
openskynetwork-java-adsb-7d73726841d98357da360ea631bbe12d3def86cc-ModeSDecoder-L146_L152,2490,1256121,49151,32,31,1970,1747239,55,32,2,5379,475260,46476,14,1
OWASP-json-sanitizer-fc612ab374de73d03864d56fb87b6a103b234489-JsonSanitizer-L342_L350,2972,979723,110965,339,16,2255,1510216,60,335,2,5965,384581,66751,128,2
OWASP-json-sanitizer-fc612ab374de73d03864d56fb87b6a103b234489-JsonSanitizer-L353_L362,2927,1099144,188947,287,22,2245,150471,28,56,3,5984,630642,164518,182,7
package-url-packageurl-java-47351deccffb9394df42b913f59ffc00741af0b6-PackageURL-L419_L422,3486,1257869,30921,112,112,2787,151917,23,2,1,6474,335062,26155,2,1
PawelGorny-lostword-8e66ab8737a5119a21cef6c948ae7b48f00fdb91-WorkerKnownPosition-L88_L102,0,0,0,0,0,0,0,0,0,0,0,0,0,0,0
PawelGorny-lostword-8e66ab8737a5119a21cef6c948ae7b48f00fdb91-WorkerPool-L77_L91,0,0,0,0,0,0,0,0,0,0,0,0,0,0,0
PawelGorny-lostword-8e66ab8737a5119a21cef6c948ae7b48f00fdb91-WorkerPrintSeeds-L97_L111,0,0,0,0,0,0,0,0,0,0,0,0,0,0,0
peterbencze-serritor-158939359c0b0608686afd34bba582c9157dd362-WebDriverFactory-L96_L104,4083,798033,43286,65,20,2918,1627301,75,71,4,6622,413605,43765,69,3
PeterisP-morphology-1195adb7bb994292e5b06f2b20f4feb6191ca951-Mijas-L767_L774,4302,225019,136822,11,3,2995,773376,77,12,1,7231,569146,138959,2,1
pfmiles-min-velocity-4e8ec4f64681c1d6941bf8d90a51849e87b86cf5-ParserTokenManager-L4456_L4460,3669,959034,48979,17,4,2418,161360,18,11,1,6689,252593,48150,12,2
pingcap-tidb-loadbalance-b1d62a4561fee7c525ae4c640a10f55c4702755b-StringInspector-L418_L424,2573,222202,79843,138,9,2030,148813,21,25,2,5530,258273,63334,37,5
pingcap-tidb-loadbalance-b1d62a4561fee7c525ae4c640a10f55c4702755b-StringInspector-L453_L463,2560,171433,223497,247,12,2035,151322,23,43,3,5524,403991,198628,144,7
PlayPen-playpen-core-dd867086481d93a439cb0270eaa7272bacf75493-FileProcessListener-L40_L45,6300,824804,30999,65,60,4240,168530,23,7,1,7441,377274,29932,33,2
PlayPen-playpen-core-dd867086481d93a439cb0270eaa7272bacf75493-FileProcessListener-L54_L59,6441,788593,31475,73,59,4268,172179,23,12,1,7452,176194,29273,12,1
PlayPen-playpen-core-dd867086481d93a439cb0270eaa7272bacf75493-Network-L376_L383,6350,834513,37652,32,18,4319,1443181,45,23,1,9356,308123,36467,7,1
pvto-konte-art-03c969d8fd62ba3c7175a840e6a785049183f4b6-ExpressionParser-L173_L189,4664,1033695,139590,87,17,3080,185399,38,28,3,6645,445923,124445,33,8
ripreal-V8LogScanner-3789156a0ab07c4b2cdd91e8165ca733ecc01905-CmdAddGroupBy-L26_L28,3987,840961,27453,14,12,2764,151894,18,4,1,5119,155133,26789,4,1
ripreal-V8LogScanner-3789156a0ab07c4b2cdd91e8165ca733ecc01905-LogBuilder-L656_L663,4034,869783,47448,14,12,2879,1303378,74,10,1,5350,223740,28055,3,1
ripreal-V8LogScanner-3789156a0ab07c4b2cdd91e8165ca733ecc01905-LogBuilder-L667_L673,4045,915987,48394,27,27,2840,1336007,72,27,1,5362,221130,27143,4,1
rythmengine-rythmengine-3439bd728c8e95927cea9146b5d6b59a30c3c516-Time-L1019_L1024,6217,897464,78238,164,16,4003,1644374,17,142,1,7405,222220,69046,26,4
rythmengine-rythmengine-3439bd728c8e95927cea9146b5d6b59a30c3c516-Time-L1026_L1031,6095,991416,78609,164,15,3922,182335,19,26,2,7485,222666,69039,26,4
rythmengine-rythmengine-3439bd728c8e95927cea9146b5d6b59a30c3c516-Time-L1033_L1038,6177,268496,76466,139,12,3909,182342,25,26,2,7541,221517,69874,26,4
rythmengine-rythmengine-3439bd728c8e95927cea9146b5d6b59a30c3c516-Time-L600_L610,6252,333357,73841,126,9,3928,177766,21,22,2,7668,364652,64973,24,3
rythmengine-rythmengine-3439bd728c8e95927cea9146b5d6b59a30c3c516-Time-L972_L998,6287,235953,510430,291,58,4046,1166661,29,284,2,7587,1560494,501497,268,33
Sayi-swagger-diff-e6abc1483ec90859aeba9d9ad4e7fd0368352d47-ModelDiff-L130_L133,2775,973588,28556,98,72,2262,148649,23,12,1,5494,149461,25516,12,1
sbesada-java.math.expression.parser-cc92f58f6074b21cf6f5d4056b7f7cc5168f50af-ComplexFunction-L102_L107,2243,902404,57416,222,180,1881,146915,24,16,1,5120,217564,31181,20,1
sbesada-java.math.numerical.library-a2f18eda6de69c937183771d3b1f268e606a8871-FunctionX-L321_L326,2469,725609,56505,205,17,2093,149992,27,25,3,5146,235809,38191,30,4
sbesada-java.math.numerical.library-a2f18eda6de69c937183771d3b1f268e606a8871-FunctionXs-L414_L425,2663,725210,104231,353,15,2025,149789,25,16,3,5196,237606,39025,23,4
seansegal-tincisnotcatan-f7d098c51037cb586147c1bbd5b18c2239df7b32-PlaceInitialSettlement-L90_L97,3693,161475,32276,25,7,2735,158778,27,23,3,5270,164774,32004,23,3
smola-galimatias-0771a10ef5021181fc172b95ac39e9f4c7ada2e8-URLParser-L472_L479,2908,1051090,66682,267,14,2273,155964,24,56,3,5564,166821,38640,56,3
sorra-TraceSonar-53ece361e0e14027d803ecbeb9f3fea76f7176ff-Traceback-L49_L55,2237,160766,38639,33,22,1996,150688,28,10,2,4996,157544,34276,10,2
SpringStudent-GyJdbc-0ca78eb623487f137d94eb719a94464d2d0cbbe8-SQL-L108_L114,3852,366472,37531,189,11,2668,162552,26,12,2,6272,232387,29178,12,2
spullara-java-future-jdk8-5925719802af19ccc6602651fc243b2ff3726b4b-CompletableFutureTest-L356_L364,6959,909401,44485,140,5,2074,2215570,8,128,0,5286,153768,33751,12,4
sranka-jdbcimage-4b16de3a349a30e5d69633a0fea6e08d486392b9-MainToolBase-L387_L390,3415,1067062,32252,130,130,2690,152001,20,7,1,6006,316064,26568,14,1
sranka-jdbcimage-4b16de3a349a30e5d69633a0fea6e08d486392b9-MultiTableConcurrentImport-L39_L44,3383,1051629,33984,132,8,2700,1819556,56,133,3,5957,333980,28532,22,3
StarlangSoftware-Corpus-c0b50a746e5179df1b236273bcf1ec6d1cc988c7-SentenceSplitter-L319_L362,2235,1174449,130270,377,302,1981,1752901,114,377,14,5189,245419,51945,63,8
StarlangSoftware-TurkishMorphologicalAnalysis-26450b47db92b64580a2bfa4a0d7d0bce38edd49-FsmMorphologicalAnalyzer-L419_L434,2817,1153025,73371,28,19,2188,2254070,87,29,5,7833,313790,69056,21,5
StarlangSoftware-TurkishMorphologicalAnalysis-26450b47db92b64580a2bfa4a0d7d0bce38edd49-FsmMorphologicalAnalyzer-L494_L502,2817,1158709,30444,19,7,2255,2345591,69,22,3,7713,339518,28909,14,3
StarlangSoftware-TurkishMorphologicalAnalysis-26450b47db92b64580a2bfa4a0d7d0bce38edd49-FsmParse-L615_L623,2808,1169566,57757,80,16,2215,153474,28,11,3,5532,177016,49464,11,4
StarlangSoftware-TurkishMorphologicalAnalysis-26450b47db92b64580a2bfa4a0d7d0bce38edd49-FsmParse-L631_L637,2845,1199658,55135,199,14,2208,151912,31,12,3,5527,162312,36309,12,3
StarlangSoftware-TurkishMorphologicalAnalysis-26450b47db92b64580a2bfa4a0d7d0bce38edd49-Transition-L317_L330,2998,1179784,46134,43,35,2233,1683610,64,43,3,5403,267971,43410,17,2
StarlangSoftware-TurkishMorphologicalDisambiguation-bf8dbc2cd835c67178eb896939ad1009b6743486-AutoDisambiguator-L275_L281,2863,1429718,41159,149,9,2240,3359462,61,156,3,5414,268060,33956,23,3
StaticBeagle-ETK4J-393c622d01b9abfcead5c9c0973b4557173502e2-Bessel-L297_L300,3970,689447,99097,39,12,2486,154467,22,13,1,5853,259501,35435,14,1
StaticBeagle-ETK4J-393c622d01b9abfcead5c9c0973b4557173502e2-EigenvalueDecomposition-L520_L532,3813,688054,125076,188,69,2472,157787,34,21,2,5921,537726,110633,136,5
StaticBeagle-ETK4J-393c622d01b9abfcead5c9c0973b4557173502e2-EigenvalueDecomposition-L570_L576,4433,712491,127853,163,10,2488,161432,25,31,2,5996,529374,113094,151,5
STEMLab-JIneditor-ccca7bec12fe58583d25da0d13ae038b27d34424-CanvasPanel-L401_L417,3961,976886,72077,70,9,2546,171800,25,26,2,7148,378871,60052,26,5
streamx-co-ExTree-2cb6b78c0eb4dc25fa81f582641b5464779a93fa-ExpressionMethodVisitor-L435_L437,5464,623698,43269,25,24,3462,162154,26,18,1,7437,256709,42639,20,2
streamx-co-FluentJPA-064ce0b468b63fa07aecb0cfc2d352108af1cb40-DSLInterpreter-L564_L564,9938,641249,37641,15,3,6621,182280,19,1,1,13622,184257,36223,1,1
streamx-co-FluentJPA-064ce0b468b63fa07aecb0cfc2d352108af1cb40-DSLInterpreter-L566_L574,9644,642418,69194,31,12,6588,196985,27,19,1,14632,574489,69155,40,2
streamx-co-FluentJPA-064ce0b468b63fa07aecb0cfc2d352108af1cb40-DSLInterpreter-L667_L668,9803,638374,37822,10,7,6532,178972,25,4,1,11131,185933,36686,3,1
streamx-co-FluentJPA-064ce0b468b63fa07aecb0cfc2d352108af1cb40-DSLInterpreter-L746_L753,9668,644406,45344,2,2,6543,183702,28,1,1,14762,352106,44004,2,1
stupid1t-poi-excel-7f1834f1e0fa91bed24591ee43e89d95ec39de98-PoiResult-L80_L88,2922,1240488,37350,48,14,2201,160480,25,10,1,7532,464244,35160,30,4
sylvainlaurent-swagger-validator-maven-plugin-980ad67cf33eb53ba27d44738bb8fe3aac3dba01-MimeTypeValidator-L75_L79,3925,173486,27379,36,5,2867,155636,19,5,1,8763,154130,25814,5,1
Thare-Lam-fast-elasticsearch-query-builder-bc6e2adf8333363929e68f3c8dc459c320101aef-AggregationHelper-L43_L54,3949,986965,27749,9,9,2923,158273,22,5,2,8245,158233,26624,5,1
TheHolyWaffle-TeamSpeak-3-Java-API-decd7c8bda74246ac9c0f704599cb4c272ba6181-CommandFuture-L792_L796,3121,983152,28450,1,1,2254,258910,32,2,0,5856,288796,27453,1,1
ThreeTen-threetenbp-bdf97bf72f4e5af7ae3c3af1ea8e3407c1451341-DateTimeFormatterBuilder-L1397_L1403,9037,813604,143134,187,14,4999,209166,26,70,3,9505,528526,135999,171,7
ThreeTen-threetenbp-bdf97bf72f4e5af7ae3c3af1ea8e3407c1451341-DateTimeFormatterBuilder-L1476_L1485,9330,796253,175245,90,16,5076,194583,31,35,3,9432,506998,106555,69,5
tommyettinger-RegExodus-48a8167a5dc1e381fc741fabd425965a22aa1503-CharacterClass-L507_L519,3311,616939,134813,234,117,2250,156280,21,32,2,5760,544294,133515,234,3
tommyettinger-RegExodus-48a8167a5dc1e381fc741fabd425965a22aa1503-CharacterClass-L551_L564,3278,1259305,135444,218,102,2237,151738,22,17,2,5792,1638197,135191,218,4
tommyettinger-RegExodus-48a8167a5dc1e381fc741fabd425965a22aa1503-Matcher-L1423_L1427,3231,617288,78650,156,15,2231,155304,25,19,2,6407,497086,83339,155,5
tommyettinger-RegExodus-48a8167a5dc1e381fc741fabd425965a22aa1503-Term-L1129_L1141,3209,617219,143470,247,13,2287,161033,28,45,2,6233,550187,150308,247,6
tommyettinger-RegExodus-48a8167a5dc1e381fc741fabd425965a22aa1503-Term-L1146_L1159,3166,617296,151210,246,16,2274,160944,29,43,2,6242,549483,146110,245,7
tommyettinger-RegExodus-48a8167a5dc1e381fc741fabd425965a22aa1503-Term-L1242_L1246,3181,617539,239041,273,9,2230,164143,20,55,2,6141,883073,230904,257,3
tommyettinger-RegExodus-48a8167a5dc1e381fc741fabd425965a22aa1503-Term-L1462_L1464,3292,617932,30200,25,20,2276,151586,21,6,1,6450,153396,28809,6,1
tommyettinger-RegExodus-48a8167a5dc1e381fc741fabd425965a22aa1503-Term-L1474_L1476,3172,617117,30882,28,20,2270,151353,23,6,1,6494,153369,28614,6,1
tommyettinger-RegExodus-48a8167a5dc1e381fc741fabd425965a22aa1503-Term-L1618_L1626,3206,618220,44534,25,21,2286,154376,21,10,2,6660,164753,37780,8,1
tommyettinger-RegExodus-48a8167a5dc1e381fc741fabd425965a22aa1503-Term-L1633_L1635,3485,619068,30081,21,19,2238,151752,24,6,1,6457,153265,28810,6,1
tommyettinger-RegExodus-48a8167a5dc1e381fc741fabd425965a22aa1503-Term-L1650_L1653,3120,617310,32474,37,10,2191,152204,20,5,2,6550,156505,30596,5,2
tommyettinger-RegExodus-48a8167a5dc1e381fc741fabd425965a22aa1503-Term-L1841_L1850,3143,617808,106491,232,13,2286,1174196,19,232,1,6143,530372,104112,222,4
tommyettinger-RegExodus-48a8167a5dc1e381fc741fabd425965a22aa1503-Term-L1895_L1912,3025,618015,184912,150,12,2332,366885,34,150,4,6590,383027,170096,49,6
tommyettinger-RegExodus-48a8167a5dc1e381fc741fabd425965a22aa1503-Term-L1975_L2002,3194,958921,243269,237,22,2395,2321327,31,236,2,6454,497788,179018,76,12
tommyettinger-RegExodus-48a8167a5dc1e381fc741fabd425965a22aa1503-Term-L521_L539,3026,616587,171194,159,16,2271,168072,29,58,4,6379,462982,157664,58,7
tud-fop-j-Algo-f59fbbd9ccc3f41d6866fda44324622e2b47eef2-C00Parser-L2611_L2627,8083,633455,162061,38,38,5363,1550926,32,61,1,11579,781770,163452,58,1
tud-fop-j-Algo-f59fbbd9ccc3f41d6866fda44324622e2b47eef2-C00Parser-L3663_L3671,8421,634379,74162,42,8,5110,233852,25,8,2,11416,678315,70000,27,3
tud-fop-j-Algo-f59fbbd9ccc3f41d6866fda44324622e2b47eef2-C00Parser-L4496_L4505,7925,634225,94174,30,5,5225,502286,31,32,2,11653,611666,90334,37,3
tvesalainen-bcc-8bfbb307418a422d57370b2df12fdfb1126f3407-ByteCodeDump-L428_L437,4426,1047040,72043,140,8,2746,1801292,43,142,3,6383,344859,52887,7,2
uber-common-jvm-profiler-07ecfce5bbae89cae1415296d4c6eb7cdd7b7dfa-DatadogOutputReporter-L43_L49,3064,944458,0,0,0,2369,1128977,11,0,0,4792,8327,0,0,0
unitsofmeasurement-unit-ri-d412fc0b790d7c050dcfb2cba24a4316ece24b5c-DecimalFormat-L1895_L1900,5943,972837,77734,136,8,3859,159480,29,14,2,7473,271961,64928,17,4
unitsofmeasurement-unit-ri-d412fc0b790d7c050dcfb2cba24a4316ece24b5c-DecimalFormat-L1927_L1931,5932,999996,74381,119,10,3955,159296,23,13,2,7577,273179,63100,17,4
unitsofmeasurement-unit-ri-d412fc0b790d7c050dcfb2cba24a4316ece24b5c-DecimalFormat-L1941_L1946,6101,979915,79807,145,10,3894,160397,24,14,2,7533,270324,64768,17,5
vangj-jbayes-4f3a542a4cab356b2b4a3d5d735ae0346429ef2d-Evidence-L259_L263,3168,826072,37528,148,14,2361,149657,24,12,2,5546,154394,29435,12,2
vangj-jbayes-4f3a542a4cab356b2b4a3d5d735ae0346429ef2d-Evidence-L267_L267,3073,859875,27332,57,9,2336,148915,21,6,1,5478,149161,25211,6,1
vangj-jbayes-4f3a542a4cab356b2b4a3d5d735ae0346429ef2d-Table-L40_L51,3176,860539,55164,181,16,2344,150839,24,17,2,5550,344493,42096,25,3
vincentrussell-java-ini-parser-954dd3836aa39dd170202f95e356da1eb86c894d-Ini-L153_L156,2225,156809,24788,4,2,1914,146981,21,3,1,5328,145953,24042,3,1
vizor-games-infraworld-cornerstone-2f8c792393fd8bbfc09d5bfdd36114230f64aa5c-CastGenerator-L242_L252,3808,597684,31847,17,8,2795,697058,39,20,2,6436,348772,31035,15,3
vizor-games-infraworld-cornerstone-2f8c792393fd8bbfc09d5bfdd36114230f64aa5c-NestedTypesRemover-L117_L128,3892,251479,29530,8,5,2751,904438,36,7,2,5970,352613,28720,7,2
vmzakharov-dataframe-ec-b5cef516c1f02207399f751ba922f9e5347f8f3c-DoubleFormatter-L33_L42,6308,132375,29682,11,11,3810,406959,33,11,1,9074,43889,0,0,0
vmzakharov-dataframe-ec-b5cef516c1f02207399f751ba922f9e5347f8f3c-LongFormatter-L33_L43,6222,116075,30609,11,11,3925,393052,37,11,1,8888,43845,0,0,0
wso2-config-mapper-353b0829d3bf3dae92312dea6ff1dddff9a74fe6-KeyMapper-L62_L62,3879,1085246,29989,55,12,3047,163428,19,4,1,6346,163560,27234,4,1
wso2-config-mapper-353b0829d3bf3dae92312dea6ff1dddff9a74fe6-MetaDataParser-L126_L134,3943,919654,34091,70,54,3160,170573,31,23,3,6492,480214,30865,23,3
wso2-config-mapper-353b0829d3bf3dae92312dea6ff1dddff9a74fe6-Validator-L154_L160,3940,980853,49312,135,21,3145,1776512,68,132,3,6426,364870,38663,27,3
xcsp3team-XCSP3-Java-Tools-1567b06e77cb2a8b73a1ce65e4773cbf08f59ce0-ProblemDataHandler-L176_L181,6162,1895975,32252,149,18,3558,394947,78,105,2,10484,409439,30967,110,2
xcsp3team-XCSP3-Java-Tools-1567b06e77cb2a8b73a1ce65e4773cbf08f59ce0-ProblemDataHandler-L186_L192,6688,1602603,32576,147,126,3731,3323836,71,112,1,10444,398379,30644,102,1
xcsp3team-XCSP3-Java-Tools-1567b06e77cb2a8b73a1ce65e4773cbf08f59ce0-XParser-L331_L339,5752,623786,48278,8,5,4472,1482726,57,12,2,7974,339967,44438,10,2
ysc-word-daa57fa34645e39c6e0214d1f4698134963b65be-ChineseWordTokenizer-L139_L141,4146,1883915,31965,83,7,2808,276884,25,15,2,5985,280465,28995,15,2
ysc-word-daa57fa34645e39c6e0214d1f4698134963b65be-ChineseWordTokenizer-L148_L150,3997,2014029,33151,109,7,2821,276419,20,15,2,6028,279156,28830,15,2
ysc-word-daa57fa34645e39c6e0214d1f4698134963b65be-DictionaryFactory-L211_L220,4155,1482045,119605,55,13,2847,398003,53,17,1,6036,650529,107117,17,1
ysc-word-daa57fa34645e39c6e0214d1f4698134963b65be-DictionaryTools-L101_L113,4119,1885980,60890,118,10,2846,324007,21,25,1,6099,527152,50957,25,2
ysc-word-daa57fa34645e39c6e0214d1f4698134963b65be-PureEnglish-L82_L88,4131,3747242,46149,137,64,2808,335789,17,21,1,6036,527217,39756,21,3
yuch7-cwlexec-08b3e8ac1017f5a43d4d33699d1c9d4cb32a89e1-IOUtil-L469_L475,4088,810458,176915,86,15,2768,162101,24,19,2,6413,477346,156853,23,6
Zettelkasten-Team-Zettelkasten-b68dc7638b9f9287c9528d4171a9014e8ba3eed3-ImportFromZkn-L621_L638,6593,677699,56295,20,10,4472,197998,27,8,2,9932,334665,55037,10,2
Zettelkasten-Team-Zettelkasten-b68dc7638b9f9287c9528d4171a9014e8ba3eed3-ImportFromZkn-L771_L806,6437,708071,425747,120,117,4652,1645744,41,119,1,9992,846318,354428,14,1
3redronin-mu-server-69683cf8009d7a0ac52452fd4b0abe06ffd0bf87-Http1Connection-L128_L134,7014,1861420,195419,115,13,4408,4003099,51,117,3,8229,1048007,54429,113,3
3redronin-mu-server-69683cf8009d7a0ac52452fd4b0abe06ffd0bf87-Http1Connection-L176_L182,7116,550503,189959,30,10,4505,2614973,44,52,3,8194,838106,42020,39,3
3redronin-mu-server-69683cf8009d7a0ac52452fd4b0abe06ffd0bf87-Http1Connection-L97_L108,7137,1856930,129182,3,2,4454,3899527,45,5,2,8279,506251,48222,4,1
3redronin-mu-server-69683cf8009d7a0ac52452fd4b0abe06ffd0bf87-MuWebSocketSessionImpl-L219_L220,7116,216631,31554,9,8,4460,1094352,44,11,1,8048,471869,31094,18,2
3redronin-mu-server-69683cf8009d7a0ac52452fd4b0abe06ffd0bf87-RestHandler-L142_L147,7077,294348,35782,17,15,4535,1340048,41,19,1,8530,735419,36928,30,1
albfernandez-itext2-5ac684e2140a3d9a5b4c34dfd2639dcc87884ad0-PdfDocument-L1568_L1578,6453,965788,85861,127,8,4144,1315132,40,138,3,9238,572575,82177,31,3
albfernandez-itext2-5ac684e2140a3d9a5b4c34dfd2639dcc87884ad0-PdfDocument-L578_L585,6293,947178,239461,233,21,4083,2273184,66,225,3,9238,505388,110875,18,4
albfernandez-itext2-5ac684e2140a3d9a5b4c34dfd2639dcc87884ad0-PRTokeniser-L442_L457,6467,1014438,105454,79,16,3987,304028,19,32,2,8521,466638,106836,56,6
albfernandez-itext2-5ac684e2140a3d9a5b4c34dfd2639dcc87884ad0-PushbuttonField-L520_L529,6318,240956,67273,18,10,4007,205420,23,10,3,8588,247014,67495,10,5
alibaba-compileflow-e96a05224f71bf4aa3d9fb37bba85764b2fc153f-PluginManager-L226_L231,5055,149655,0,0,0,3338,809223,6,0,0,6901,200588,0,0,0
apache-dubbo-hessian-lite-ca001b4658227d5122f85bcb45032a0dac4faf0d-Hessian2Input-L2594_L2600,3803,961409,120310,8,4,2588,2031473,38,9,1,6588,446458,81740,4,1
apache-dubbo-hessian-lite-ca001b4658227d5122f85bcb45032a0dac4faf0d-HessianDebugState-L588_L595,3786,249122,28581,1,1,2569,559610,23,2,0,8953,40939,0,0,0
AwakenCN-InChat-329de8bc3042b49aeaeb816d38b56e9de4226049-NettyBootstrapServer-L98_L104,2464,614535,25813,1,1,2054,1359060,36,3,0,5337,336744,26467,1,1
axelhjalm-bitwig-midi-fighter-twister-a1ad3eecd81353437619818f3a0cf4db0519194b-VolumesPage-L55_L60,3125,853745,47645,141,9,2591,1629516,37,141,2,5231,452867,35873,38,2
Azure-Samples-cassandra-proxy-f184bcaa612808ad9348a629330cc6bc94c13105-ProxyClient-L174_L183,2448,965158,42350,178,3,2168,1769887,32,186,1,5577,326647,27380,1,1
blackbeard334-djoom3-64362645420c99ac621b051a678de96883e2a329-idMatX-L5969_L5984,9399,636460,20566,0,0,6522,394574,68,0,0,12243,649087,17496,0,0
blackbeard334-djoom3-64362645420c99ac621b051a678de96883e2a329-Parser-L2344_L2368,9530,243023,0,0,0,6644,608794,7,0,0,8569,49400,0,0,0
blackbeard334-djoom3-64362645420c99ac621b051a678de96883e2a329-Codec-L269_L281,9295,634492,255466,106,6,6654,1531447,31,106,2,11603,792593,260892,106,3
blackbeard334-djoom3-64362645420c99ac621b051a678de96883e2a329-snd_world-L1522_L1526,9383,635210,0,0,0,6632,1399770,7,0,0,11055,215218,0,0,0
cacfd3a-java-nfa-646a76c291253614abc5708107dee7b4387ca784-NFA-L101_L103,2763,163925,23915,1,1,2252,880998,48,4,0,7750,340459,24385,1,1
cellsrg-tabbypdf-def8bb08e7733a9b87e593cb5363ef82581628c1-PdfDataExtractor-L101_L106,4090,1056760,0,0,0,2817,1727467,8,0,0,8461,208649,0,0,0
cellsrg-tabbypdf-def8bb08e7733a9b87e593cb5363ef82581628c1-TableRegionDetector-L254_L257,4026,938884,0,0,0,2819,1627509,6,0,0,8609,208426,0,0,0
codelibs-jcifs-c9ad4eeaf763ad764cb485c4149a0b236eaa7d3e-SmbSessionImpl-L898_L902,6248,1091956,35545,21,20,4204,2819933,42,46,2,8484,837559,39198,33,2
codelibs-jcifs-c9ad4eeaf763ad764cb485c4149a0b236eaa7d3e-SmbSessionImpl-L949_L955,6314,1019411,32998,13,5,4137,1931709,34,8,1,8473,463139,37051,7,1
dakusui-jcunit-5e081ae71f7e1ab8326aed77612a97c983c9dc06-IpoGplus-L201_L201,5332,451687,0,0,0,3477,1292558,9,0,0,9079,146509,0,0,0
dakusui-jcunit-5e081ae71f7e1ab8326aed77612a97c983c9dc06-Joiner-L322_L327,5316,150385,0,0,0,3498,446942,5,0,0,5639,41626,0,0,0
delthas-JavaMP3-8b42e48a549813b43c99db9fef525286c888a082-Decoder-L648_L660,2808,1174949,326717,242,9,2179,158485,23,25,2,6987,651715,166281,144,3
graphstream-gs-core-950b87280075f92a85b564b47ce6522ced5ba53a-GraphDiff-L203_L210,5611,186791,0,0,0,3502,563184,7,0,0,11457,56287,0,0,0
graphstream-gs-core-950b87280075f92a85b564b47ce6522ced5ba53a-GraphDiff-L214_L215,5709,186439,0,0,0,3519,562144,11,0,0,11425,56416,0,0,0
HelixNetwork-pendulum-919ae1df7ca4359aad6b9a4575beb9d3ca4de8ef-RocksDBPersistenceProvider-L295_L302,6766,593123,32645,5,5,4262,1445909,46,8,1,6555,362644,33169,4,1
inversoft-restify-8522579dded221db5c3822274ecd11a2b6426082-FormDataBodyHandler-L156_L162,2652,1135552,24582,1,1,2093,2224726,67,7,0,5343,219083,25285,1,1
iris-edu-stationxml-seed-converter-7526c0b8fd214af02a767142d97638e7bc129dd9-SeedToXmlDocumentConverter-L129_L135,0,0,0,0,0,0,0,0,0,0,0,0,0,0,0
JoonasVali-jartin-d54d145b05666c9e5661fd27ab4c128eb05f1c9f-Stamp-L67_L71,2528,131800,0,0,0,2155,369161,15,1,0,4779,38593,0,0,0
redis-lettuce-761d60247159662ce1db8bc20318bc4b573bc010-StatefulRedisConnectionImpl-L203_L214,35533,1737125,90461,1,1,25094,2686665,30,1,0,18110,866970,91187,1,1
LHNCBC-metamaplite-3eac19c131c1c24c16a8e279d171c3747bd1fc76-MetaMapLite-L1588_L1607,0,0,0,0,0,0,0,0,0,0,0,0,0,0,0
meteoinfo-wContour-dade1e866bf3d3eab56bd09f2b1dcdac5c1ee6f6-Contour-L270_L317,3536,878469,882011,155,88,2450,1915902,59,145,4,8709,1277102,841881,119,5
mimno-Mallet-ff204eb8aa7f414e779f37843fb68b3e1fdc7015-SimpleTaggerWithConstraints-L439_L445,19574,726918,88016,2,2,15988,1490779,31,3,1,20084,341245,88905,1,1
mimno-Mallet-ff204eb8aa7f414e779f37843fb68b3e1fdc7015-Vectors2Classify-L268_L274,19837,818733,95763,3,3,15999,2146920,34,3,1,20349,800074,99741,2,1
msemys-esjc-2953c0bbdb6192502a786f47873aed8ab0ef9c93-EventStoreTcp-L867_L868,6594,983725,0,0,0,4050,1711322,6,0,0,12003,224696,0,0,0
msemys-esjc-2953c0bbdb6192502a786f47873aed8ab0ef9c93-IdentificationHandler-L91_L92,6723,963404,28204,9,4,3995,1846966,39,7,1,7606,175225,28250,1,1
mvel-mvel-236d37bc78a158553592afedbbf1aa27815efb78-MathProcessor-L350_L364,7882,223505,36537,16,8,4845,466982,29,17,3,6180,46851,0,0,0
pmlopes-aws-lambda-native-vertx-46ebe9755ea5c0f8473db95e21dc7d0c556ad230-LambdaBootstrap-L119_L127,2121,74562,0,0,0,1831,288450,8,0,0,6977,38433,0,0,0
remondis-it-pact-consumer-builder-4350f58d646d7aade31dc1caed7fb380b9cd143e-ConsumerBuilderImpl-L241_L242,5193,77862,0,0,0,3734,328614,8,0,0,6164,11456,0,0,0
streamx-co-ExTree-2cb6b78c0eb4dc25fa81f582641b5464779a93fa-Interpreter-L383_L420,4944,201757,0,0,0,3477,383162,7,0,0,5429,39823,0,0,0
streamx-co-FluentJPA-064ce0b468b63fa07aecb0cfc2d352108af1cb40-DSLInterpreter-L809_L811,9681,183008,0,0,0,6517,495233,8,0,0,11729,14883,0,0,0
streamx-co-FluentJPA-064ce0b468b63fa07aecb0cfc2d352108af1cb40-DSLInterpreter-L815_L820,9492,637152,37595,15,15,6548,1289195,33,7,2,11101,409670,37944,9,1
SvenEwald-xmlbeam-84a2a91c216622c611a948d88792c846b532aa0a-ExpressionTypeEvaluationVisitor-L136_L152,0,0,0,0,0,3597,414099,17,1,0,5382,42768,0,0,0
swtcpro-jingtum-lib-java-793e75b9d350ae7385551191bf0b75b307d05354-Remote-L537_L545,3596,467960,33715,49,49,3150,1409571,33,56,1,6849,359120,37805,14,1
toolbox4minecraft-amidst-86ffd6004a3ab2a88b9325de420a596665f0df75-FragmentQueueProcessor-L69_L75,5133,1604879,33081,60,38,3268,1609203,23,49,2,6472,1981831,34441,53,2
vert-x3-vertx-docgen-ec8245f872ba95ca8fdf967edba001fd841cdc35-BaseProcessor-L169_L172,2627,881813,0,0,0,2239,1311764,8,0,0,7703,40639,0,0,0
vmzakharov-dataframe-ec-b5cef516c1f02207399f751ba922f9e5347f8f3c-DataFrame-L1780_L1782,6077,622035,27281,1,1,3772,1394600,40,3,0,7391,385339,27891,1,1
walmartlabs-gozer-694f2cd0e3341dd2d4eaf61467ef9f91881ddb4d-X12TransactionSplitter-L234_L234,5876,1106901,63080,59,58,33937,166457,17,3,1,8478,311687,62369,5,1
yinlou-mltk-f50c42986fdd016e7da38d5e381ed24d8fe87e41-Visualizer-L123_L139,4465,181575,43273,1,1,2910,505930,18,1,0,6449,42124,0,0,0