project,EXTs_time_all,EXTs_time_success,CONs_time_all,CONs_time_success,EXTr_time_all,EXTr_time_success,CONc_time_all,CONc_time_success,CONrc_time_all,CONrc_time_success,INd_time_all,INd_time_success,INs_time_all,INs_time_success,INr_time_all,INr_time_success
3redronin-mu-server-69683cf8009d7a0ac52452fd4b0abe06ffd0bf87-AsyncSsePublisher-L174_L178,189764,190271,325642,326144,109571,0,43095,0,255806,0,342488,342780,183736,0,109063,0
3redronin-mu-server-69683cf8009d7a0ac52452fd4b0abe06ffd0bf87-AsyncSsePublisherTest-L102_L105,195463,195971,209602,210101,119792,120282,45480,0,1154801,0,144334,0,181779,0,166402,166670
3redronin-mu-server-69683cf8009d7a0ac52452fd4b0abe06ffd0bf87-Http1Response-L62_L66,196549,197046,220289,220776,110393,0,44369,0,278459,0,144952,0,213429,0,50206,0
3redronin-mu-server-69683cf8009d7a0ac52452fd4b0abe06ffd0bf87-Http2Connection-L355_L359,189860,190330,86498,87002,119661,120165,49513,0,627699,0,145238,0,190657,0,50149,0
3redronin-mu-server-69683cf8009d7a0ac52452fd4b0abe06ffd0bf87-NettyResponseAdaptor-L153_L157,205155,205651,221857,222344,109724,0,43960,0,168916,0,1849158,0,246439,0,49809,0
3redronin-mu-server-69683cf8009d7a0ac52452fd4b0abe06ffd0bf87-RateLimiterImpl-L42_L45,195934,196418,278293,278804,120674,121160,43936,0,146991,0,154136,154407,185156,0,49855,0
3redronin-mu-server-69683cf8009d7a0ac52452fd4b0abe06ffd0bf87-RequestBodyReader-L147_L152,188825,189328,220445,220946,117628,118101,49196,0,1153833,1154344,142977,0,195148,0,49203,0
3redronin-mu-server-69683cf8009d7a0ac52452fd4b0abe06ffd0bf87-RequestBodyReader-L71_L76,191670,192163,226055,226547,118337,118813,43807,0,358526,0,1879211,1879483,214726,214993,50035,0
adobe-commerce-cif-magento-graphql-0bc22bb767a8270f94ee04d85ab2571569a146a1-ProductFilterInput-L1411_L1416,217346,217854,234275,234780,823275,823776,52094,0,1287102,1287695,59632,0,2068109,0,110932,0
adobe-commerce-cif-magento-graphql-0bc22bb767a8270f94ee04d85ab2571569a146a1-ProductSortInput-L1270_L1275,218496,219002,241699,242202,833330,833836,52181,0,1274063,1274565,59282,0,2129790,0,110143,0
albfernandez-itext2-5ac684e2140a3d9a5b4c34dfd2639dcc87884ad0-BmpImage-L401_L415,402517,403037,91778,92272,198437,198964,61483,66921,1012844,1013396,65219,65490,187897,0,110838,0
albfernandez-itext2-5ac684e2140a3d9a5b4c34dfd2639dcc87884ad0-HTMLWorker-L285_L290,215077,215592,200644,201132,121373,121901,46452,0,492242,0,54408,0,235459,0,107815,0
albfernandez-itext2-5ac684e2140a3d9a5b4c34dfd2639dcc87884ad0-PushbuttonField-L476_L492,378256,378793,112240,112760,201915,202444,59339,64745,1006316,1006911,55195,0,253095,0,109362,0
albfernandez-itext2-5ac684e2140a3d9a5b4c34dfd2639dcc87884ad0-SAXiTextHandler-L460_L474,253756,254269,248494,248983,116261,116794,46380,0,491085,0,55369,0,2042911,2043202,106689,0
albfernandez-itext2-5ac684e2140a3d9a5b4c34dfd2639dcc87884ad0-SimpleXMLParser-L377_L383,248994,249484,112061,112556,115253,115743,46220,0,1054137,1054641,54700,0,206163,0,103209,0
albfernandez-itext2-5ac684e2140a3d9a5b4c34dfd2639dcc87884ad0-TiffImage-L494_L502,231108,231604,206304,206806,122129,122678,48120,0,1025865,1026396,64171,64447,189931,0,106747,0
alfasoftware-soapstone-480e00c3384796efb1b2e69ba611d0234f6af333-WebServiceInvoker-L99_L103,188586,189090,318968,319597,102926,0,42935,0,1065071,0,52439,0,190040,0,45090,0
alibaba-compileflow-e96a05224f71bf4aa3d9fb37bba85764b2fc153f-DataType-L1023_L1033,247630,248138,219361,219936,532709,533223,47425,0,985834,0,58200,0,224511,224805,108691,0
alibaba-compileflow-e96a05224f71bf4aa3d9fb37bba85764b2fc153f-DataType-L1041_L1047,209085,209601,262125,262631,530706,531218,46775,0,958294,0,57832,0,220974,221255,108546,0
alibaba-compileflow-e96a05224f71bf4aa3d9fb37bba85764b2fc153f-DataType-L1056_L1066,255453,256065,226251,226736,537899,538495,46820,0,1028731,0,57873,0,224387,224673,108466,0
alibaba-compileflow-e96a05224f71bf4aa3d9fb37bba85764b2fc153f-PluginManager-L133_L140,196047,196552,176938,177509,111758,112267,41916,0,512996,0,55662,0,176180,0,109557,0
alibaba-compileflow-e96a05224f71bf4aa3d9fb37bba85764b2fc153f-PluginManager-L182_L185,180883,181400,78112,78695,110307,110788,41127,0,999103,0,55203,0,174874,0,109793,0
apache-commons-codec-634ac7caba17b3610e8fe3dd19f9f05faf4d1f94-Rule-L223_L227,177501,0,187674,0,106720,0,41104,0,1166757,0,98449,98717,204089,0,106086,0
apache-commons-codec-634ac7caba17b3610e8fe3dd19f9f05faf4d1f94-Rule-L532_L533,185766,186258,76502,77009,106437,0,40776,0,1167993,1168510,88388,0,203071,0,105348,0
apache-commons-compress-ca1052f1347e301b46b1224d6b92198699663763-ParallelScatterZipCreatorTest-L325_L329,121155,0,112024,112606,141643,142260,68891,0,665549,0,174535,174806,246200,0,1535676,1535978
apache-commons-imaging-d3b3b534198d2b0b631379515e2b53905b425e70-JpegImageParser-L391_L407,215722,216245,175996,176511,112538,0,53195,0,1126322,1126860,105113,105376,155479,0,118411,0
apache-dubbo-hessian-lite-ca001b4658227d5122f85bcb45032a0dac4faf0d-Hessian2Input-L1114_L1114,174301,174821,68624,69109,121707,122215,44924,48428,1055314,1055820,40697,0,222419,0,103699,0
apache-dubbo-hessian-lite-ca001b4658227d5122f85bcb45032a0dac4faf0d-Hessian2Input-L1404_L1404,174681,175184,69066,69561,121584,122090,44946,48452,1059055,1059582,40688,0,224607,0,103927,0
apache-dubbo-hessian-lite-ca001b4658227d5122f85bcb45032a0dac4faf0d-Hessian2Input-L1795_L1797,172520,173068,71857,72337,130752,131279,38112,0,1082966,1083509,40655,0,201060,0,104317,0
apache-dubbo-hessian-lite-ca001b4658227d5122f85bcb45032a0dac4faf0d-Hessian2Input-L725_L728,175417,175924,69837,70328,106794,107277,44909,48578,1019978,1020495,41069,0,209715,0,103547,0
apache-dubbo-hessian-lite-ca001b4658227d5122f85bcb45032a0dac4faf0d-Hessian2Input-L899_L902,175294,175785,68328,68813,106110,106601,44846,48420,1029400,1029922,62302,62589,223329,0,104016,0
apache-sling-org-apache-sling-servlets-resolver-75e62e657fc0b2dbbc90287cba23a24116152fce-BundledScriptTracker-L194_L201,189452,190040,140144,140673,159194,159745,44037,0,114677,0,62756,0,128600,0,115829,0
apache-sling-org-apache-sling-servlets-resolver-75e62e657fc0b2dbbc90287cba23a24116152fce-BundledScriptTracker-L224_L228,105543,0,147748,148239,118997,119556,44050,0,115112,0,56619,0,113697,0,108224,0
apache-sling-org-apache-sling-servlets-resolver-75e62e657fc0b2dbbc90287cba23a24116152fce-BundledScriptTracker-L260_L268,189632,190136,93700,94194,118649,119173,49656,0,114035,0,62957,0,111427,0,114735,0
apache-sling-org-apache-sling-servlets-resolver-75e62e657fc0b2dbbc90287cba23a24116152fce-BundledScriptTracker-L274_L284,192958,193535,209501,210018,416645,417179,44632,0,114319,0,56653,0,131203,0,109511,0
apache-sling-org-apache-sling-servlets-resolver-75e62e657fc0b2dbbc90287cba23a24116152fce-BundledScriptTracker-L303_L305,193627,194146,210869,211379,129185,129708,46075,0,117418,0,59117,0,111924,0,110754,0
apache-sling-org-apache-sling-servlets-resolver-75e62e657fc0b2dbbc90287cba23a24116152fce-BundledScriptTracker-L492_L496,191897,192408,208931,209522,120835,121335,46201,0,120781,0,69804,0,103082,0,116022,0
apache-xmlgraphics-commons-d5d782f9fce99774ef206a4a4437fc86f711d9d9-TIFFImageEncoder-L448_L454,183394,183897,76435,76936,182567,183055,40999,0,1039028,1039557,51088,0,214950,215240,101979,0
apache-xmlgraphics-commons-d5d782f9fce99774ef206a4a4437fc86f711d9d9-TIFFImage-L1181_L1193,223539,224059,233803,234306,245813,246311,873481,0,1075532,1076045,50602,0,177639,0,99821,0
apache-xmlgraphics-commons-d5d782f9fce99774ef206a4a4437fc86f711d9d9-TIFFImage-L216_L231,188150,188647,121427,121922,107991,108523,40092,0,1049552,1050049,50462,0,178637,0,101683,0
apache-xmlgraphics-commons-d5d782f9fce99774ef206a4a4437fc86f711d9d9-TIFFImage-L931_L943,222270,222775,208488,209007,274571,275070,41021,0,1052393,1052907,52642,0,181310,0,101378,0
apache-xmlgraphics-commons-d5d782f9fce99774ef206a4a4437fc86f711d9d9-TIFFImage-L954_L966,217863,218358,210274,210776,246033,246520,40995,0,1002394,1002918,56271,0,179288,0,104818,0
ATLANTBH-owl-f808feae5b021ce37e7a937ab03bf3327be386ad-ServicesUtils-L47_L51,171954,172450,186995,187506,708484,708982,32190,0,979540,980097,42915,0,181769,182039,111931,0
attoparser-attoparser-e1049dcd8261fe315b679029e711a9f5ea03f1cc-MarkupSelectorItems-L148_L149,183674,184178,71763,72278,124228,124737,47886,52249,978584,0,153939,154201,184280,184556,43384,0
attoparser-attoparser-e1049dcd8261fe315b679029e711a9f5ea03f1cc-MarkupSelectorItems-L249_L255,184164,184675,187480,187965,126012,126506,51750,56133,909044,0,136989,137269,172506,0,40506,0
attoparser-attoparser-e1049dcd8261fe315b679029e711a9f5ea03f1cc-MarkupSelectorItems-L407_L417,193397,193898,83388,83913,110021,110514,40785,0,921104,0,135669,135947,179616,179908,41044,0
awslabs-aws-glue-catalog-sync-agent-for-hive-2ba77e5718c5b1988e711fac37966b40665bc385-HiveGlueCatalogSyncAgent-L371_L383,538026,538512,286455,287005,516545,517045,40765,0,1248559,0,47886,0,258477,0,103474,0
awslabs-aws-glue-catalog-sync-agent-for-hive-2ba77e5718c5b1988e711fac37966b40665bc385-HiveGlueCatalogSyncAgent-L408_L426,494631,495148,251693,252192,510002,510498,41591,0,1248665,0,48058,0,256668,0,104525,0
Azure-azure-functions-java-worker-c92d38cdeb867f2f7e2ae9b2515c32c2ecfd1e41-BindingDataStore-L104_L104,197482,198005,219928,220424,106489,0,41990,0,688798,0,56338,0,199339,0,106773,0
Azure-Samples-cassandra-proxy-f184bcaa612808ad9348a629330cc6bc94c13105-ProxyClient-L246_L254,173747,174279,173194,0,102992,103483,30280,0,983500,984013,36016,0,204853,0,97057,0
Azure-Samples-cassandra-proxy-f184bcaa612808ad9348a629330cc6bc94c13105-Proxy-L346_L349,172530,173082,80950,0,100619,101122,31583,0,924169,924673,36949,0,206976,0,103387,0
ben-xo-cdjscrobbler-921fe5394227f1f602174b7c8935697904128d53-UpdateListener-L99_L109,170618,171140,376641,377146,119486,120002,29775,0,311995,0,35282,0,168190,0,96856,0
bkatwal-kafka-solr-sink-connector-f0d022607f3d5419053bfb0c87a710fb37e00896-PlainJsonDocMappersImpl-L103_L108,171772,172260,282031,282575,119507,120022,35450,0,103137,0,37631,0,169766,0,94535,0
bkatwal-kafka-solr-sink-connector-f0d022607f3d5419053bfb0c87a710fb37e00896-SolrServiceImpl-L139_L144,173725,174210,438072,438557,119779,120271,35506,0,98400,0,37662,0,164076,0,94822,0
blackbeard334-djoom3-64362645420c99ac621b051a678de96883e2a329-AASReach-L542_L546,265574,266063,210386,210874,297556,298053,49725,0,655986,0,77312,0,201645,0,126160,0
blackbeard334-djoom3-64362645420c99ac621b051a678de96883e2a329-AASReach-L575_L587,516432,516930,203561,204049,492500,492991,50562,0,656210,0,67053,0,192242,0,114146,0
blackbeard334-djoom3-64362645420c99ac621b051a678de96883e2a329-EditWindow-L287_L300,52280,0,219845,220340,372916,373399,70388,78286,656102,0,67623,0,60158,0,113503,0
blackbeard334-djoom3-64362645420c99ac621b051a678de96883e2a329-Model_lwo-L2980_L2997,389392,389920,248321,248846,171388,171897,211896,220102,660986,0,71936,0,65764,0,141718,0
blackbeard334-djoom3-64362645420c99ac621b051a678de96883e2a329-Simd_Generic-L1286_L1294,577258,577741,239148,239655,138545,139042,60772,0,658216,0,74633,0,350538,0,121281,0
blackbeard334-djoom3-64362645420c99ac621b051a678de96883e2a329-Simd_Generic-L1308_L1316,819867,820376,226743,227235,139498,140042,62707,0,661158,0,77967,0,320962,0,124405,0
blackbeard334-djoom3-64362645420c99ac621b051a678de96883e2a329-Window-L1599_L1604,454715,455220,105941,106435,376966,377471,76731,84928,658566,0,69359,0,63927,0,115654,0
blackbeard334-djoom3-64362645420c99ac621b051a678de96883e2a329-Window-L1660_L1666,358139,358644,101583,102087,160966,161458,76596,84682,658647,0,69638,0,63983,0,115206,0
Blazemeter-xtn5250-240e00411e0c21995e87f5a36dd0f6fee2929af8-XI5250CrtFrame-L158_L165,173637,174123,70066,70547,103433,103914,36030,0,634011,0,83144,0,167408,0,94858,0
bruceran-krpc-33c83d78574a472e3cbfc75afa87ec57253cc90c-Bootstrap-L598_L604,244197,244834,223124,223678,150887,151389,44064,0,643204,0,56844,0,526792,527061,107334,0
casbin-jcasbin-eb7f93118e4f6d93e44cd779ce17a2f5f2d81387-Model-L332_L336,183042,183597,188111,188606,139353,139828,38033,0,166958,0,67244,67517,182595,0,109451,0
cellsrg-tabbypdf-def8bb08e7733a9b87e593cb5363ef82581628c1-TableRegionDetector-L92_L95,176141,176615,185070,185574,125294,125779,33669,0,1027603,1028100,46743,0,197388,197674,101480,0
chengdedeng-waf-9ba9a18857154830a35e3b10d111d025208f73ef-CCSecurity-L101_L113,206803,207304,227262,227767,126741,127269,50858,0,1270836,1271367,67442,0,199021,0,122848,0
chengdedeng-waf-9ba9a18857154830a35e3b10d111d025208f73ef-SecurityConfigItemValidator-L37_L40,206155,206667,108970,109487,694166,694668,57305,0,1261548,0,66903,0,65921,0,117278,0
chengdedeng-waf-9ba9a18857154830a35e3b10d111d025208f73ef-SecurityConfigItemValidator-L49_L52,216783,217328,109380,109910,668115,668653,58340,0,498645,0,67705,0,66645,0,118105,0
chengdedeng-waf-9ba9a18857154830a35e3b10d111d025208f73ef-ZkClusterService-L131_L138,208502,209018,220220,220791,180129,180618,45311,0,1256195,0,56460,0,186330,0,108010,0
chengdedeng-waf-9ba9a18857154830a35e3b10d111d025208f73ef-ZkClusterService-L186_L196,200592,201086,221655,222167,181154,181648,45249,0,1256364,0,57262,0,186648,0,109065,0
chengdedeng-waf-9ba9a18857154830a35e3b10d111d025208f73ef-ZkClusterService-L225_L229,203854,204363,110609,111102,599871,600392,44600,0,1255668,0,55881,0,185213,0,109063,0
chengdedeng-waf-9ba9a18857154830a35e3b10d111d025208f73ef-ZkClusterService-L253_L257,211822,212317,112101,112611,615918,616440,46045,0,1257273,0,57401,0,186495,0,109877,0
chengdedeng-waf-9ba9a18857154830a35e3b10d111d025208f73ef-ZkClusterService-L287_L294,204975,205483,221113,221598,179502,179993,45123,0,1255993,0,56668,0,186671,0,108749,0
codeine-cd-codeine-355463b17c671925bc8bd3951dabb98a150dfe36-HealthServlet-L32_L37,185374,185883,193364,193879,107495,108061,36804,0,711808,712325,45089,0,172557,0,102236,0
darmiel-eeee-f4114a3bf831ae88f6cca606f4d0f93ac09cc210-EntryMethod-L58_L63,167885,168391,84496,85001,100064,100595,35221,0,120877,0,39465,0,164747,0,96049,0
datadotworld-dw-jdbc-ac4f7d8a457dce89cbaa9eb33994304e5504fda1-SparqlResultsParser-L68_L75,188407,188915,158024,158525,183281,183767,40431,0,1158334,0,64080,64329,177489,0,46554,0
datadotworld-dw-jdbc-ac4f7d8a457dce89cbaa9eb33994304e5504fda1-SparqlResultsParser-L70_L72,187598,188126,282004,282648,629441,629927,41213,0,1198471,0,83720,83982,177325,0,46836,0
magdel-MapNav-97c4f93f02a56aa1ce2b2ffc8d0cd41ed150e9b3-MapCanvas-L1732_L1734,194199,194685,180786,0,161659,162155,38796,0,640236,0,46569,0,164544,0,42139,0
maxmind-geoip-api-java-0ed8a38981512667533d47204486aae0278a1bc8-regionName-L11_L23,202981,203497,92155,92692,109353,109867,39662,0,1261804,1262318,35973,0,95623,0,94874,0
maxmind-geoip-api-java-0ed8a38981512667533d47204486aae0278a1bc8-timeZone-L33_L81,201237,201746,80320,80837,102967,103456,35381,0,1253571,1254078,37773,0,251902,252192,94605,0
messai-engineering-Yuga-40b006970e6e9a1eb5fc13e739f22232c683a965-Yuga-L239_L245,181649,182191,187105,187621,118809,119294,33254,0,625825,0,47079,47357,209887,210159,103178,103463
mvel-mvel-236d37bc78a158553592afedbbf1aa27815efb78-AbstractParser-L324_L329,210477,211070,234110,234632,236027,236528,48060,0,118936,0,1865515,1865873,2077023,2077310,111603,0
PeterisP-morphology-1195adb7bb994292e5b06f2b20f4feb6191ca951-Mijas-L122_L125,188822,189433,190453,191002,136616,137129,36671,0,237763,0,106171,106475,243771,0,40031,0
pvto-konte-art-03c969d8fd62ba3c7175a840e6a785049183f4b6-Parser-L611_L613,175711,176280,162840,163329,151411,151897,40558,0,919159,0,44197,0,260077,0,103880,0
tud-fop-j-Algo-f59fbbd9ccc3f41d6866fda44324622e2b47eef2-C00Lexer-L1628_L1633,883783,884350,107209,107750,161008,161523,80856,87937,655485,0,61541,0,258413,258697,111540,0
tud-fop-j-Algo-f59fbbd9ccc3f41d6866fda44324622e2b47eef2-C00Parser-L1146_L1155,146621,0,234452,234979,167174,167690,49375,0,653258,0,62343,0,140304,0,111309,0
davidmoten-aws-maven-plugin-e027d61b07cdc0e8b915217f1f6aca9b0f41011d-BeanstalkRemovePortsMojo-L103_L108,177407,177901,117829,118333,105736,106271,35828,0,670301,670811,42546,0,226130,0,103405,0
delthas-JavaMP3-8b42e48a549813b43c99db9fef525286c888a082-Decoder-L711_L714,169952,170449,158430,158924,840368,840889,33709,0,1203779,1204297,54042,54308,199138,0,33587,0
demidenko05-beigesoft-accounting-0170596e736d3cc69f70c88ced3b9d78f63ddca1-InvoiceReportPdf-L142_L148,190969,191466,79554,80060,1683349,1683852,35637,0,637995,0,44131,0,45708,0,103982,0
demidenko05-beigesoft-webstore-624d41d82547ff897ca5b3740d8d73cb2dacf052-PrcRefreshItemsInList-L776_L783,179478,179968,179229,179750,997331,997833,33464,0,635540,0,41133,0,52000,0,102854,0
demidenko05-beigesoft-webstore-624d41d82547ff897ca5b3740d8d73cb2dacf052-PrcRefreshItemsInList-L798_L821,165239,0,77932,78487,97590,0,34178,0,635970,0,40596,0,41936,0,102712,0
dingjs-javaagent-aa1cea60d0042f58977fb5d42c16afca92ad589d-Executor-L282_L293,210540,211118,284548,285053,149044,149535,39324,0,1045820,1046327,42404,0,188928,0,97434,0
dnsjava-dnsjava-206c9e51ac18e1ed6f82beb16cb6c0ff1f83b095-LookupSession-L302_L306,226725,227232,515757,516240,127769,0,68983,0,669158,0,118563,118821,269685,269974,133641,0
domclick-kafka-logback-91d21ace796dd29ef953b86fcd7ebe55f43ca58d-KafkaAppender-L95_L104,173424,173911,175737,176226,100156,100638,33930,0,1240148,0,41958,42230,180823,181078,97777,0
erdtman-java-json-canonicalization-535ab0075405f6aafb96a4197f943838130666d3-NumberDToA-L461_L466,171002,171501,177337,177866,117496,118000,51444,55197,825251,825771,39497,0,193083,193355,37113,0
erdtman-java-json-canonicalization-535ab0075405f6aafb96a4197f943838130666d3-NumberDToA-L468_L473,170205,170731,183660,184160,117168,117676,50216,54123,861163,861664,39355,0,182179,182445,36446,0
erdtman-java-json-canonicalization-535ab0075405f6aafb96a4197f943838130666d3-NumberDToA-L523_L532,171768,172260,183677,184182,105243,105750,37210,0,882159,882683,38993,0,186120,186421,37082,0
erdtman-java-json-canonicalization-535ab0075405f6aafb96a4197f943838130666d3-NumberDToA-L828_L839,178367,178854,759978,760479,115802,116306,37414,0,929759,930282,39723,0,184892,185155,37139,0
errai-errai-d2edc4632373096f8d81c93f18cd874fa5501b90-JsTypeAntiInliningExtension-L94_L95,168306,0,168299,0,224631,0,167470,0,227183,0,230111,0,225438,0,226120,0
EsotericSoftware-yamlbeans-763726d51c99824218051e485e1b44f7477456fa-ScalarAnalysis-L154_L163,174309,174823,68461,68965,104054,104586,37644,0,1243447,1243974,45700,45987,174156,174428,37621,0
EsotericSoftware-yamlbeans-763726d51c99824218051e485e1b44f7477456fa-ScalarAnalysis-L88_L99,179390,179897,71153,71643,104032,104562,43277,46524,1254520,1255021,59367,59639,184214,184481,36728,0
EsotericSoftware-yamlbeans-763726d51c99824218051e485e1b44f7477456fa-YamlReader-L350_L359,203175,203681,367446,367963,125931,126410,37926,0,1144145,1144655,47374,47633,173962,0,98605,0
EXIficient-exificient-core-fce10c39fe654c9ae9660454ac6d6d2abc6a48ac-FidelityOptions-L395_L406,189079,189623,76068,76578,121003,121500,37398,0,992622,993235,40382,0,221851,222150,113952,0
EXIficient-exificient-core-fce10c39fe654c9ae9660454ac6d6d2abc6a48ac-FidelityOptions-L431_L442,190187,190734,74927,75452,119544,120120,36953,0,927369,927896,39868,0,219309,219593,112608,0
EXIficient-exificient-core-fce10c39fe654c9ae9660454ac6d6d2abc6a48ac-FidelityOptions-L460_L471,194101,194631,76283,76783,121129,121706,37723,0,902974,903493,41030,0,219464,219751,113418,0
EXIficient-exificient-core-fce10c39fe654c9ae9660454ac6d6d2abc6a48ac-FidelityOptions-L497_L508,190211,190722,75001,75569,119558,120115,36945,0,927274,927823,47650,47997,220826,221099,113566,0
EXIficient-exificient-core-fce10c39fe654c9ae9660454ac6d6d2abc6a48ac-FidelityOptions-L592_L607,195031,195603,223401,223905,107849,108346,37572,0,978181,978705,40777,0,224413,224771,113251,0
EXIficient-exificient-core-fce10c39fe654c9ae9660454ac6d6d2abc6a48ac-FidelityOptions-L631_L642,188124,188696,198708,199219,107815,108300,37364,0,958109,958694,40360,0,219753,220040,113682,0
EXIficient-exificient-core-fce10c39fe654c9ae9660454ac6d6d2abc6a48ac-FidelityOptions-L660_L671,187564,188081,198312,198974,107867,108372,37336,0,989498,990009,41102,0,217519,217790,113581,0
EXIficient-exificient-core-fce10c39fe654c9ae9660454ac6d6d2abc6a48ac-FidelityOptions-L697_L708,187558,188051,198645,199227,107758,108284,37039,0,990360,990887,48530,48907,220389,220652,113664,0
f4b6a3-uuid-creator-f9e6e6d02ecc8dac16a56e4fab1bd24caec8171c-TimeOrderedEpochFactory-L415_L416,30137,0,29981,0,30209,0,30054,0,30186,0,80267,80694,199655,199944,118774,119076
f4b6a3-uuid-creator-f9e6e6d02ecc8dac16a56e4fab1bd24caec8171c-TimeOrderedEpochFactory-L431_L434,29730,0,29432,0,29943,0,29682,0,29951,0,82312,82591,201169,201471,118061,118352
fabric8io-docker-maven-plugin-40371e754a6f3122af6d3019508c364627580935-AbstractDockerMojo-L496_L499,206958,207475,207158,207676,112159,0,45743,0,250058,0,89821,0,241742,0,106888,0
finmath-finmath-lib-ad5d22e93e335cd88c95f8f2d7ba6336e3947e68-Black76Model-L334_L342,60703,0,72050,0,70906,0,60766,0,666946,0,1537615,0,69360,0,70346,0
finmath-finmath-lib-ad5d22e93e335cd88c95f8f2d7ba6336e3947e68-Black76Model-L351_L360,60013,0,71024,0,69631,0,59782,0,667509,0,1536258,0,69602,0,69587,0
finos-messageml-utils-8dc8971aee55c36fbc2bce55a5e62ef254cc2eb9-BiContext-L101_L104,196146,196704,244820,245308,140033,140565,42919,0,794781,795292,72223,72493,195986,196270,110666,0
fizzed-jne-199d45bd8728807b61356fd1c0f17079b567ed60-JavaHomes-L211_L213,176602,177112,89369,89917,99135,0,35034,0,1170662,1171175,43892,0,172207,0,101927,0
forcedotcom-wsc-df588f1411b855687b9dfb5cfa69026e92ebb34e-MXParser-L1929_L1942,224887,225400,192574,193082,119026,119590,39906,0,1168803,1169338,82527,82873,209241,0,105913,0
forcedotcom-wsc-df588f1411b855687b9dfb5cfa69026e92ebb34e-MXParser-L1964_L1969,185806,186325,192692,193184,130853,131362,48654,52619,1166596,1167111,71447,71712,208310,0,105827,0
fsantiag-sonar-clojure-8935e2291d21d57922006bab2f7fdd82d08e415e-EastwoodIssueParser-L23_L30,168187,168675,148284,148775,100852,101351,34687,0,1202904,1203407,47208,47527,171652,171931,97732,0
gabrie-allaigre-sonar-gitlab-plugin-1a6b20737c0e034fed35f555442fa493c6268e9f-GitLabApiV3Wrapper-L251_L255,181874,182367,197760,198251,115619,116123,38118,0,789979,790518,73217,73662,200442,0,108017,0
gabrie-allaigre-sonar-gitlab-plugin-1a6b20737c0e034fed35f555442fa493c6268e9f-GitLabApiV4Wrapper-L257_L261,181694,182184,195483,195965,115017,115550,37888,0,780992,781525,73604,73870,167174,0,108594,0
george-haddad-cardme-2cdb02c627d103041288bc57f06b9deeb02f194a-VCardEngine-L2345_L2353,191541,192025,190655,191148,121890,122410,42881,0,972415,972923,53681,53950,188776,189049,103338,0
googleapis-disco-to-proto3-converter-32cf5993853b1218e97e54c556f3922f49014eb8-DocumentToProtoConverter-L222_L226,172151,172671,88977,89479,386574,387070,32600,0,1136354,1136867,76454,76721,186006,0,113831,0
graphstream-gs-core-950b87280075f92a85b564b47ce6522ced5ba53a-StyleSheetParserTokenManager-L72_L96,293015,294847,88016,89939,161330,163146,62413,68509,536525,0,62679,0,208961,0,113376,0
hageldave-ezFFTW-20d97041dfde6731bbfc02980cf2b581c62161ec-FFTTest-L209_L220,172216,172695,194659,195195,101446,101918,36332,0,672808,0,130715,131000,162220,0,97862,0
Harium-keel-bb6a1cf5104d609399ddf9a803ae60d6caee7a3b-SingularValueDecomposition-L180_L188,207669,208180,189516,190007,259462,260041,39805,0,681450,0,42349,0,347522,347794,693974,694324
Harium-keel-bb6a1cf5104d609399ddf9a803ae60d6caee7a3b-SingularValueDecomposition-L243_L256,249733,250234,200705,201222,260641,261183,197426,0,838784,839312,42758,0,195322,195626,264348,264683
HelixNetwork-pendulum-919ae1df7ca4359aad6b9a4575beb9d3ca4de8ef-SnapshotServiceImpl-L142_L142,192542,193081,93668,94178,116354,116861,40507,0,116684,0,76766,0,329888,0,121208,0
hermannpencole-nifi-config-e4a8a251bd01fd4026ac4fe6868791f4496ce882-ConnectionsUpdater-L102_L106,172259,172750,75032,75549,102527,103105,37205,0,805012,805536,52457,0,180386,180672,100439,0
hermannpencole-nifi-config-e4a8a251bd01fd4026ac4fe6868791f4496ce882-ConnectionsUpdater-L111_L115,172084,172607,75504,76001,103317,103794,37054,0,809094,809614,52145,0,182853,183111,100537,0
hermannpencole-nifi-config-e4a8a251bd01fd4026ac4fe6868791f4496ce882-ConnectionsUpdater-L122_L126,171499,172053,74653,75146,102827,103310,36747,0,795928,796516,52106,0,174713,0,99971,0
heroku-heroku-jvm-application-deployer-ffd498f1a94853b30bc0275a6ef495f2ec3a11f7-Main-L110_L117,171229,171717,67790,68274,103435,103957,38423,0,638828,0,38307,0,174320,0,36205,0
hoijui-Jawk-33cfbc2bc14bc9c75fedccbe2963ef26b61543dc-AVM-L563_L584,188113,188634,180585,181132,368025,0,47466,51181,112987,0,41827,0,223704,0,98732,0
hoijui-Jawk-33cfbc2bc14bc9c75fedccbe2963ef26b61543dc-AVM-L849_L862,192159,192724,187592,188106,373538,374044,38734,0,181072,0,48688,0,231539,0,104744,0
hoijui-Jawk-33cfbc2bc14bc9c75fedccbe2963ef26b61543dc-AwkParser-L697_L710,180430,180990,72924,73506,108950,109453,38586,0,244128,0,56146,56412,206471,0,96801,0
hummeling-if97-a508c11bea77ebc39d6bf8c7b21854947e07ca96-Region3-L1201_L1206,172517,173005,95093,95598,135213,135757,36276,0,1129184,1129780,45497,45756,184811,0,36259,0
hummeling-if97-a508c11bea77ebc39d6bf8c7b21854947e07ca96-Region3-L1209_L1216,174591,175096,102714,103236,137435,137930,38271,0,1209618,1210149,57417,57710,224132,224415,40228,0
iamazy-elasticsearch-sql2-05a7743fb2bb70816f8255a7e7b3086374b15d8c-BinaryQueryParser-L29_L35,194282,194791,206318,206810,1041175,1041694,50552,0,651874,0,67317,67579,224325,0,112247,0
iamazy-elasticsearch-sql2-05a7743fb2bb70816f8255a7e7b3086374b15d8c-BinaryQueryParser-L85_L89,188167,188674,257405,257902,114512,115000,44703,0,645803,0,65659,65922,235515,235794,109908,0
iamazy-elasticsearch-sql2-05a7743fb2bb70816f8255a7e7b3086374b15d8c-BinaryQueryParser-L99_L111,199295,199782,206467,206971,117539,118043,49724,0,653096,0,58199,0,220994,0,110999,0
IBlogLab-enhance-gateway-9b175549c6f9228096be92424c712e07686e9e4b-LoggingRecordResource-L169_L174,207919,208427,159590,160099,599752,600334,39623,0,821871,0,51025,0,259096,259374,111023,0
iipc-jwarc-e4ff0fe435c378b68b482a3ca1502b70b33fe872-WarcFilterCompiler-L144_L154,181526,182052,190431,190996,110686,111163,43024,0,1036843,0,54045,54394,174148,0,45358,0
iotaledger-cliri-1f974cafb1c17d96ae7e0a6856f563dcf3794238-Node-L200_L208,188266,188776,141264,141757,138467,138997,37334,0,119694,0,66049,0,278636,0,111039,0
iotaledger-cliri-1f974cafb1c17d96ae7e0a6856f563dcf3794238-Node-L203_L207,180736,181287,138197,138690,135986,136475,38085,0,115130,0,67228,0,288856,0,111033,0
Isaac315-sql-translator-78f3fb0091c94563a640ef672de3e75e2b5c3bb2-OracleSQLDataTypeTransformUtil-L209_L216,184676,185178,188793,189300,118212,118718,34561,0,286333,0,49937,0,238093,0,104781,0
Isaac315-sql-translator-78f3fb0091c94563a640ef672de3e75e2b5c3bb2-OracleSQLDataTypeTransformUtil-L87_L97,176552,177059,80758,81255,107025,107512,46255,50609,281771,0,56416,56687,245349,245633,105114,0
Isaac315-sql-translator-78f3fb0091c94563a640ef672de3e75e2b5c3bb2-OracleToMySqlFunctionTransform-L110_L119,208123,208635,176742,177236,623869,624365,34835,0,374987,0,50575,50848,241907,242206,107675,0
Isaac315-sql-translator-78f3fb0091c94563a640ef672de3e75e2b5c3bb2-OracleToMySqlFunctionTransform-L117_L117,179307,179811,182078,182563,105949,106447,38807,0,509794,0,50128,50384,232954,0,107796,0
jahlborn-jackcess-22bf8a8642c84fc500f5c66ef59de1f7211f93a3-FormatUtil-L1091_L1092,202612,203147,98353,98854,123723,124221,46779,0,259738,0,105298,105657,247859,248185,119721,0
jahlborn-jackcess-22bf8a8642c84fc500f5c66ef59de1f7211f93a3-FormatUtil-L1099_L1102,201823,202353,95723,96220,122800,123301,45897,0,134737,0,92287,92561,252646,252941,119094,0
jai-imageio-jai-imageio-core-f81bc1ab19faa210ad289c6ae2588bc1157fd07a-BMPImageReader-L470_L492,266521,267021,80143,80645,150035,150607,54794,59491,1129671,1130177,49645,0,182329,0,107873,0
jai-imageio-jai-imageio-core-f81bc1ab19faa210ad289c6ae2588bc1157fd07a-BMPImageWriter-L679_L684,193833,194347,84725,85397,158172,158710,47685,0,930095,930623,208321,208667,186104,0,118372,0
jai-imageio-jai-imageio-core-f81bc1ab19faa210ad289c6ae2588bc1157fd07a-BMPMetadata-L1006_L1027,239729,240331,195091,195637,167619,168126,57253,61872,967410,967933,48990,0,424997,425284,107389,0
jai-imageio-jai-imageio-core-f81bc1ab19faa210ad289c6ae2588bc1157fd07a-BMPMetadata-L952_L960,192662,193167,194920,195454,1906277,0,42390,0,1025024,1025541,47897,0,216654,216942,107482,0
jai-imageio-jai-imageio-core-f81bc1ab19faa210ad289c6ae2588bc1157fd07a-PNMImageReader-L427_L436,210821,211381,210729,211270,261249,261854,43720,0,981431,981984,50017,0,183387,0,115290,0
jai-imageio-jai-imageio-core-f81bc1ab19faa210ad289c6ae2588bc1157fd07a-PNMImageReader-L463_L475,219216,219732,245607,246142,256427,256962,43488,0,1071773,1072300,50686,0,182090,0,114813,0
jai-imageio-jai-imageio-core-f81bc1ab19faa210ad289c6ae2588bc1157fd07a-PNMImageWriter-L443_L454,208039,208545,78883,79452,164871,165467,42432,0,1030973,1031532,55416,55684,188126,0,114426,0
jai-imageio-jai-imageio-core-f81bc1ab19faa210ad289c6ae2588bc1157fd07a-RawRenderedImage-L312_L319,191510,192009,74763,75243,157607,158102,51577,55982,1007308,1007826,37212,0,169319,0,101516,0
jai-imageio-jai-imageio-core-f81bc1ab19faa210ad289c6ae2588bc1157fd07a-RawRenderedImage-L451_L464,186619,187119,76767,77270,150737,151259,52185,56611,1030783,1031319,48440,0,174322,0,109388,0
jai-imageio-jai-imageio-core-f81bc1ab19faa210ad289c6ae2588bc1157fd07a-RawRenderedImage-L537_L545,200529,201029,202504,203005,177845,178364,41917,0,960745,961257,47511,0,174473,0,109331,0
jai-imageio-jai-imageio-core-f81bc1ab19faa210ad289c6ae2588bc1157fd07a-TIFFDecompressor-L1143_L1152,211968,212535,77012,77593,1906746,0,43263,0,955523,0,48530,0,229799,230092,101531,0
jai-imageio-jai-imageio-core-f81bc1ab19faa210ad289c6ae2588bc1157fd07a-TIFFImageMetadata-L888_L905,207147,207721,94701,0,120868,121373,43885,0,1049475,1049976,49466,0,294716,294985,100807,0
jai-imageio-jai-imageio-core-f81bc1ab19faa210ad289c6ae2588bc1157fd07a-TIFFImageWriter-L1762_L1767,206226,206739,80909,81443,1908446,0,44101,0,1029059,1029576,49757,0,202162,0,106650,0
jai-imageio-jai-imageio-core-f81bc1ab19faa210ad289c6ae2588bc1157fd07a-TIFFImageWriter-L745_L750,220647,221143,187234,187729,116792,117362,44343,0,1053144,1053657,58947,59216,197036,0,106011,0
jano7-executor-afa9dd02560c69e26f4addcd5b68500c5e95241b-KeySequentialBoundedExecutorTest-L113_L117,173637,174157,612895,613403,102613,103133,37490,0,993925,0,55759,56026,163872,0,1509006,1509307
JeffLi1993-java-core-learning-example-09f71b5606eeec1c65afafa4b3c7eddcc4a96732-CountDownLatchT-L26_L34,190016,190497,63639,0,113800,114286,40301,0,638150,0,42849,0,177197,177468,97727,0
jenkins-infra-update-center2-5b1203f26470aa07d226974b599e53315a270a92-TieredUpdateSitesGenerator-L108_L113,178711,179189,288309,288811,106266,106758,39357,0,637908,0,74746,0,180560,0,102052,0
jessin20161124-miniDubboOpen-a02a5c2b393456861401b14057752fb22a7308ab-DubboInvoker-L56_L60,180294,180776,184080,0,657384,657884,41103,0,1198475,1199004,45130,0,232448,0,114475,0
jessin20161124-miniDubboOpen-a02a5c2b393456861401b14057752fb22a7308ab-FastjsonSerializer-L269_L270,178995,179500,71468,0,577076,577609,41619,0,1222326,1222889,45709,0,189838,0,102941,0
jessin20161124-miniDubboOpen-a02a5c2b393456861401b14057752fb22a7308ab-NettyServerHandler-L104_L111,178012,178512,185269,0,440899,441409,36203,0,1204696,1205215,44902,0,179575,0,112258,0
jetlang-remoting-505aadcc72f28bdf1796ce6fc5b490cece2e5375-JetlangTcpClient-L220_L225,182958,183476,504136,504650,97631,0,38266,0,107773,0,66333,66699,278451,0,102007,0
jetlang-remoting-505aadcc72f28bdf1796ce6fc5b490cece2e5375-JetlangTcpClient-L337_L338,175265,175771,141116,141614,98391,0,34684,0,154007,0,61692,0,209705,0,101944,0
jfinal-jfinal-076e76a4941c989d7f535035295aa3d055123131-ProxyGenerator-L100_L110,197820,198313,202885,203396,116562,117046,48844,0,113922,0,59505,0,182692,0,113723,0
jhunters-jprotobuf-0e326bf8704027adc8af182e7cebc0e7a9c38e30-PrecompileTask-L164_L168,40465,0,49941,0,46631,0,40775,0,112069,0,54839,0,45524,0,45550,0
jonatan-kazmierczak-class-visualizer-71015106c3316c02d366af71d9883c909d9ac772-GUIHandler-L35_L45,150399,0,61480,61977,97672,98188,32949,0,630959,0,35123,0,160510,0,93480,0
joniles-mpxj-91540932b1db27a525f1ee9e9fb9d878acedfc74-MPPAssignmentField-L56_L59,385031,385538,216496,217033,134484,134978,57076,0,1281807,1282338,91305,0,228281,228573,129760,0
joniles-mpxj-91540932b1db27a525f1ee9e9fb9d878acedfc74-MPPProjectField-L52_L55,332242,332764,216948,217469,133041,133555,55349,0,1281874,1282394,87896,0,250712,251012,121426,0
joniles-mpxj-91540932b1db27a525f1ee9e9fb9d878acedfc74-MPPResourceField-L55_L58,305633,306143,215926,216455,134090,134614,56900,0,1284701,1285218,89911,0,234811,235087,128234,0
joniles-mpxj-91540932b1db27a525f1ee9e9fb9d878acedfc74-MPPTaskField-L55_L58,311465,311982,216377,216884,134262,134764,55797,0,1278419,1278923,88247,0,248883,249161,122426,0
jruby-jcodings-4eb6216f88f2b4ce80b555cc58e3f86e88b72c86-Transcoding-L231_L245,207395,207898,76440,76962,158455,159019,44114,0,641373,0,47757,0,173959,0,110084,0
jruby-joni-d4696c4f6dcdd1484895abae4b9b3c62874759e1-Lexer-L1178_L1183,179560,180086,129106,129590,149786,150327,39615,0,637606,0,56267,56548,263927,264189,39324,0
jruby-joni-d4696c4f6dcdd1484895abae4b9b3c62874759e1-Matcher-L341_L349,184919,185386,69681,70186,124902,125462,46185,49436,636203,0,53472,53746,192761,0,97503,0
jruby-joni-d4696c4f6dcdd1484895abae4b9b3c62874759e1-Matcher-L352_L362,195382,195878,68824,69351,127036,127575,45505,48850,636156,0,56347,56621,192765,0,97116,0
jruby-joni-d4696c4f6dcdd1484895abae4b9b3c62874759e1-Matcher-L434_L442,183542,184043,70482,70976,126234,126746,46856,50110,636700,0,204274,204566,212434,212697,97767,0
jtidy-jtidy-aade7c5a6c1007d013859ac95378a2d469f5e254-Lexer-L2517_L2525,34063,0,73494,73991,126469,126988,47205,50721,1116367,1116948,65593,65857,37114,0,100725,0
jtidy-jtidy-aade7c5a6c1007d013859ac95378a2d469f5e254-PPrint-L737_L778,33236,0,83909,84461,125555,126059,52002,55552,1059232,1059802,62500,62883,36213,0,102501,0
jtidy-jtidy-aade7c5a6c1007d013859ac95378a2d469f5e254-PPrint-L904_L912,33262,0,183182,183689,107811,108320,61176,64967,1089462,1089988,43827,0,38979,0,105814,0
junichi11-netbeans-color-codes-preview-97a0262a3c15ab5842c43b68019e1e355ad7d3a8-ColorCodesPanel-L102_L108,170484,0,181699,0,106660,0,40376,0,814386,0,43679,0,173278,0,104004,0
junichi11-netbeans-color-codes-preview-97a0262a3c15ab5842c43b68019e1e355ad7d3a8-HexCssColorCodesProvider-L121_L131,167878,0,117174,0,100681,0,35937,0,804986,0,43795,0,178680,0,105645,0
keighrim-mae-annotation-a4bf15aaad14f80b4c6a076bd01c58f6e4d07000-FontHandler-L129_L132,140117,0,69120,69641,120560,121071,36125,0,634003,0,46494,0,162317,0,96351,0
keighrim-mae-annotation-a4bf15aaad14f80b4c6a076bd01c58f6e4d07000-MaeAgreementGUI-L291_L295,197598,198098,70460,70957,105918,106408,38183,0,636188,0,49706,0,169129,0,96153,0
lastaflute-lastaflute-01201e2eee995053bf6f9febcf58ace01ed38c30-ActionFormMapper-L928_L935,219468,220025,188097,0,111583,0,45543,0,118688,0,51578,0,174243,0,102612,0
lastaflute-lastaflute-01201e2eee995053bf6f9febcf58ace01ed38c30-ActionValidator-L745_L745,209312,209860,71712,0,108033,0,46164,0,328468,0,59529,0,203373,0,128559,0
lastaflute-lastaflute-01201e2eee995053bf6f9febcf58ace01ed38c30-GodHandableAction-L418_L421,201576,202081,186142,0,104857,0,45000,0,109564,0,50462,0,175186,0,101098,0
lastaflute-lastaflute-01201e2eee995053bf6f9febcf58ace01ed38c30-JsonUnifiedTextReadingFilter-L45_L52,192880,193396,80957,0,105743,0,38541,0,134606,0,74870,75156,176843,0,115055,0
lastaflute-lastaflute-01201e2eee995053bf6f9febcf58ace01ed38c30-MDCHook-L95_L98,194252,194815,190890,0,106923,0,39032,0,240687,0,49922,0,207258,207588,107684,0
lastaflute-lastaflute-01201e2eee995053bf6f9febcf58ace01ed38c30-RequestLoggingFilter-L751_L754,188790,189355,189418,0,110098,0,51252,0,140115,0,69078,0,194179,0,140108,0
lastaflute-lastaflute-01201e2eee995053bf6f9febcf58ace01ed38c30-RestfulStructuredMethodVerifier-L423_L423,196033,196587,70745,0,105011,0,53935,59013,112629,0,58330,0,179728,0,108615,0
lastaflute-lastaflute-01201e2eee995053bf6f9febcf58ace01ed38c30-SimpleAsyncManager-L733_L736,201762,202390,187182,0,106894,0,44287,0,293619,0,50257,0,367367,0,103614,0
leonhad-paradoxdriver-de3a6ad18b6c7f1d461383876339dc8086beaead-ConnectionInfo-L507_L508,130805,0,227270,0,108107,108620,40371,0,1014134,1014650,60013,60283,203593,203895,106331,0
leonhad-paradoxdriver-de3a6ad18b6c7f1d461383876339dc8086beaead-FunctionNode-L105_L109,191643,192139,70176,70671,106441,106960,38934,0,963054,963558,103999,104270,224263,224540,102036,0
leonhad-paradoxdriver-de3a6ad18b6c7f1d461383876339dc8086beaead-SelectPlan-L292_L298,181740,182244,203487,203975,181854,182367,35992,0,1004265,1004781,110846,111149,198493,198755,97636,0
lettuce-io-lettuce-core-761d60247159662ce1db8bc20318bc4b573bc010-LettuceExtension-L220_L228,588874,0,576917,577427,1992094,0,133314,0,197698,0,151284,0,601478,0,189518,0
lettuce-io-lettuce-core-761d60247159662ce1db8bc20318bc4b573bc010-RedisChannelHandler-L183_L190,110487,0,376321,376892,223295,223811,105826,0,355128,0,181511,181784,138319,0,184115,0
lettuce-io-lettuce-core-761d60247159662ce1db8bc20318bc4b573bc010-RedisClusterClient-L1016_L1024,307234,307743,313143,313658,219965,220465,106175,0,194740,0,167974,0,305871,0,202432,0
lettuce-io-lettuce-core-761d60247159662ce1db8bc20318bc4b573bc010-RedisClusterClient-L997_L1004,312700,313203,322858,323351,219441,219955,106100,0,199061,0,149545,0,289289,0,183551,0
lettuce-io-lettuce-core-761d60247159662ce1db8bc20318bc4b573bc010-RedisURI-L926_L930,112372,0,289725,290257,228184,228705,134162,0,254984,0,236865,237157,161327,0,211452,0
lettuce-io-lettuce-core-761d60247159662ce1db8bc20318bc4b573bc010-StatefulRedisConnectionImpl-L189_L191,312759,313281,195970,196481,218619,219134,132884,0,454027,0,153454,0,140433,0,188306,0
lettuce-io-lettuce-core-761d60247159662ce1db8bc20318bc4b573bc010-StatefulRedisConnectionImpl-L220_L225,117567,0,1109723,1110244,196196,0,112280,0,208383,0,159600,0,145461,0,191067,0
loehndorf-scengen-5e11067f76f5631a31b75f823cd3666a769b098f-Generator-L186_L195,235732,236245,108857,0,103505,0,40576,0,637294,0,53082,53349,175011,0,99780,0
logpresso-CVE-2021-44228-Scanner-35c37dd6941d6b77d103229302cadd473b97a816-Configuration-L348_L364,168300,168785,178713,179194,116124,116662,32723,0,1161160,1161648,35095,0,180253,180518,97839,0
lzgabel-camunda-cloud-bpmn-converter-5a301723aa17c90a090c235f91d5491a1f7c249f-IntermediateCatchEventProcessor-L48_L61,182837,183313,188992,189497,119087,119596,42900,0,1263494,1263976,55140,55420,171242,0,104575,0
magdel-MapNav-97c4f93f02a56aa1ce2b2ffc8d0cd41ed150e9b3-MapCanvas-L5412_L5414,209822,210322,203141,203631,191841,192349,38077,0,640472,0,45843,0,175229,0,41405,0
magdel-MapNav-97c4f93f02a56aa1ce2b2ffc8d0cd41ed150e9b3-MapForms-L1022_L1049,202253,202849,200006,200533,103484,0,39362,0,641651,0,47674,0,47905,0,104756,0
mangstadt-biweekly-5baf97e7f64d1daf0c4f6277b3600021be28303e-RecurrenceIteratorFactory-L232_L233,190588,191086,208590,209082,112424,112931,44186,0,643627,0,59186,59456,171118,0,101675,0
MarkShen1992-Mashibing_High_Concurrency-f408144caf72de0391f6e271eec6b92021ab1ca4-TicketSeller2-L26_L34,178237,178732,187197,187697,1903506,0,35842,0,824241,824755,42226,0,166237,0,97759,0
MarkShen1992-Mashibing_High_Concurrency-f408144caf72de0391f6e271eec6b92021ab1ca4-TicketSeller4-L26_L33,177443,177957,181121,181647,1903535,0,35075,0,790632,0,41654,0,164840,0,96955,0
maven-nar-nar-maven-plugin-e747b5ee080b243e0b817f722a43c9c203bb4df8-Linker-L408_L417,43305,0,199267,199776,112327,112883,44713,0,720232,720826,50198,0,47955,0,109412,0
maven-nar-nar-maven-plugin-e747b5ee080b243e0b817f722a43c9c203bb4df8-Linker-L430_L442,193821,194367,201506,202003,1378241,1378808,40068,0,714066,714596,50326,0,48025,0,110180,0
maven-nar-nar-maven-plugin-e747b5ee080b243e0b817f722a43c9c203bb4df8-NarCompileMojo-L352_L362,195975,196532,202390,202898,1908864,0,44660,0,729432,729959,50745,0,47879,0,104886,0
maven-nar-nar-maven-plugin-e747b5ee080b243e0b817f722a43c9c203bb4df8-NarIntegrationTestMojo-L708_L718,195078,195603,198289,198824,115197,115716,45085,0,490348,0,54443,0,52273,0,107251,0
maven-nar-nar-maven-plugin-e747b5ee080b243e0b817f722a43c9c203bb4df8-NarIntegrationTestMojo-L952_L955,194909,195428,89904,90449,1908324,0,45393,0,590636,0,50787,0,48316,0,103737,0
meteoinfo-wContour-dade1e866bf3d3eab56bd09f2b1dcdac5c1ee6f6-Contour-L118_L138,196378,196949,189281,189773,140963,141461,39705,0,956648,957173,49302,0,392527,0,110713,0
meteoinfo-wContour-dade1e866bf3d3eab56bd09f2b1dcdac5c1ee6f6-Contour-L1699_L1708,199776,200274,184175,184713,170108,170652,39306,0,930661,931207,44252,0,380361,0,104306,0
meteoinfo-wContour-dade1e866bf3d3eab56bd09f2b1dcdac5c1ee6f6-Contour-L1710_L1725,203399,203908,192823,193337,146605,147159,39226,0,888699,889214,45041,0,413726,0,105436,0
meteoinfo-wContour-dade1e866bf3d3eab56bd09f2b1dcdac5c1ee6f6-Contour-L238_L255,208315,208824,186112,186635,140683,141190,39883,0,814274,814783,49654,0,376146,0,121689,121948
meteoinfo-wContour-dade1e866bf3d3eab56bd09f2b1dcdac5c1ee6f6-Contour-L3109_L3123,191469,191980,86756,87318,170806,171327,36831,0,904401,904927,45068,0,395559,0,108024,0
meteoinfo-wContour-dade1e866bf3d3eab56bd09f2b1dcdac5c1ee6f6-Contour-L4177_L4190,188521,189053,194562,195104,159583,160115,37763,0,932397,932919,43254,0,321898,0,103434,0
mimno-Mallet-ff204eb8aa7f414e779f37843fb68b3e1fdc7015-SVD-L161_L168,369047,369560,266594,267094,363231,363769,101807,0,943068,943579,139511,0,373661,373989,1412525,1412805
mimno-Mallet-ff204eb8aa7f414e779f37843fb68b3e1fdc7015-SVD-L415_L417,303985,304470,215690,216173,319211,319697,100207,0,862330,862878,138559,0,1029381,1029670,404071,404372
mimno-Mallet-ff204eb8aa7f414e779f37843fb68b3e1fdc7015-SVD-L69_L78,372922,373392,247109,247604,342791,343333,100582,0,806029,0,137883,0,399284,399578,1395055,1395334
mjsalerno-UnoBot-4ee2ef9abe11a299a434f9ea998b6dddd8a4b0aa-UnoBot-L576_L587,173189,173699,106676,107161,675494,675995,33645,0,588843,0,35909,0,198013,0,97611,0
mojohaus-license-maven-plugin-b9ec9b85e32fa978b8bdd9aee018b0bf94a518fe-CalcFileWriter-L608_L620,205661,206195,89127,89719,142789,143306,40980,0,127588,0,63682,63977,72780,0,103555,0
mojohaus-license-maven-plugin-b9ec9b85e32fa978b8bdd9aee018b0bf94a518fe-ExcelFileWriter-L483_L495,207086,207634,89564,90098,143005,143601,41176,0,109667,0,63630,63906,220554,0,103517,0
monkeymq-jgossip-4bfc8e791381f70d62ea4ad6d8ae952da840dd0d-UDPMsgService-L97_L101,174144,174736,184797,185348,100243,100725,31221,0,1110136,1110703,39254,0,36517,0,100826,0
mvel-mvel-236d37bc78a158553592afedbbf1aa27815efb78-ASMAccessorOptimizer-L1212_L1220,193073,193618,194464,195013,195088,195611,49911,0,131985,0,61029,0,221870,0,115819,0
mvel-mvel-236d37bc78a158553592afedbbf1aa27815efb78-ASMAccessorOptimizer-L1833_L1842,202642,203135,195645,196145,274703,275293,49694,0,143916,0,119402,119664,221372,0,115433,0
mvel-mvel-236d37bc78a158553592afedbbf1aa27815efb78-ASMAccessorOptimizer-L1991_L1996,207224,207704,200366,200862,276073,276612,43448,0,199285,0,79936,80232,222582,0,120142,0
narupley-not-going-to-be-commons-ssl-346bb4e8481316687a643219800a398ecd8f62a8-PKCS8Key-L659_L695,179150,179702,179778,0,97345,0,37347,0,1253059,1253549,64664,65000,195579,0,107767,0
Neop-mudmap2-070650853bc37663525f0d62fb54a029e364eafd-WorldFileJSON-L347_L362,176177,176662,177929,178459,103458,103964,37325,0,1015794,1016344,46543,46819,190076,190359,101251,0
nothingax-micro-DB-1bbae368f7670f94130606fa65bcbc8ccbb89b98-Aggregate-L74_L81,167792,168306,67559,68072,125734,126224,32476,0,1231226,1231739,55313,55582,163602,0,101549,0
OpenLiberty-ci.common-b48d061d33b28b6dd5d48f52f25e032e3fc45614-DevUtil-L4311_L4320,158404,0,279612,280141,130043,130543,34260,0,999466,1000009,42756,0,154059,0,96749,0
openskynetwork-java-adsb-7d73726841d98357da360ea631bbe12d3def86cc-ModeSDecoder-L146_L152,164549,165040,178346,178825,99445,99953,29568,0,1247083,1247669,41124,41400,169461,0,100785,0
OWASP-json-sanitizer-fc612ab374de73d03864d56fb87b6a103b234489-JsonSanitizer-L342_L350,169067,169561,187951,188465,108821,109321,41103,44141,982473,982979,42875,43164,182891,183162,94032,0
OWASP-json-sanitizer-fc612ab374de73d03864d56fb87b6a103b234489-JsonSanitizer-L353_L362,170571,171068,184576,185082,108971,109461,41262,44370,1101940,1102446,43724,43997,183095,183356,94553,0
package-url-packageurl-java-47351deccffb9394df42b913f59ffc00741af0b6-PackageURL-L419_L422,173758,174250,181846,182338,104098,104596,33557,0,1253784,1254275,51979,52255,184585,184853,101102,0
PawelGorny-lostword-8e66ab8737a5119a21cef6c948ae7b48f00fdb91-WorkerKnownPosition-L88_L102,0,0,0,0,0,0,0,0,0,0,0,0,0,0,0,0
PawelGorny-lostword-8e66ab8737a5119a21cef6c948ae7b48f00fdb91-WorkerPool-L77_L91,0,0,0,0,0,0,0,0,0,0,0,0,0,0,0,0
PawelGorny-lostword-8e66ab8737a5119a21cef6c948ae7b48f00fdb91-WorkerPrintSeeds-L97_L111,0,0,0,0,0,0,0,0,0,0,0,0,0,0,0,0
peterbencze-serritor-158939359c0b0608686afd34bba582c9157dd362-WebDriverFactory-L96_L104,227896,228375,199402,199950,99087,0,35142,0,809539,0,43079,0,192599,0,97367,0
PeterisP-morphology-1195adb7bb994292e5b06f2b20f4feb6191ca951-Mijas-L767_L774,193968,194502,187205,187715,134189,134726,36192,0,227305,0,70389,70654,242702,0,39339,0
pfmiles-min-velocity-4e8ec4f64681c1d6941bf8d90a51849e87b86cf5-ParserTokenManager-L4456_L4460,184420,184927,69293,69801,106408,106893,38022,0,971541,0,40759,0,201801,0,101015,0
pingcap-tidb-loadbalance-b1d62a4561fee7c525ae4c640a10f55c4702755b-StringInspector-L418_L424,168502,168981,66628,67129,114607,115106,33277,0,235898,0,35328,0,172968,0,95322,0
pingcap-tidb-loadbalance-b1d62a4561fee7c525ae4c640a10f55c4702755b-StringInspector-L453_L463,171471,171999,187912,188455,113610,114096,39614,42602,96362,0,35877,0,173277,0,95795,0
PlayPen-playpen-core-dd867086481d93a439cb0270eaa7272bacf75493-FileProcessListener-L40_L45,193472,193949,198460,198938,115565,116055,45218,0,842525,843099,49838,0,346625,0,102228,0
PlayPen-playpen-core-dd867086481d93a439cb0270eaa7272bacf75493-FileProcessListener-L54_L59,197735,198233,199934,200444,116599,117085,45653,0,807018,807529,50035,0,323126,0,103157,0
PlayPen-playpen-core-dd867086481d93a439cb0270eaa7272bacf75493-Network-L376_L383,194964,195463,128661,129167,117892,118394,42759,0,851415,851904,53842,0,51295,0,105717,0
pvto-konte-art-03c969d8fd62ba3c7175a840e6a785049183f4b6-ExpressionParser-L173_L189,209294,209802,186740,187294,163352,163837,36088,0,1047865,1048378,57454,57724,188785,0,106071,0
ripreal-V8LogScanner-3789156a0ab07c4b2cdd91e8165ca733ecc01905-CmdAddGroupBy-L26_L28,172841,173334,184015,184510,102242,102790,35888,0,857875,858388,43343,0,174031,174312,100560,0
ripreal-V8LogScanner-3789156a0ab07c4b2cdd91e8165ca733ecc01905-LogBuilder-L656_L663,170780,171293,68573,69076,103341,103822,36783,0,886870,887368,85777,86031,690976,691259,232408,232697
ripreal-V8LogScanner-3789156a0ab07c4b2cdd91e8165ca733ecc01905-LogBuilder-L667_L673,171242,171760,70599,71085,104981,105478,36677,0,933173,933680,62756,63011,487172,487486,397076,397368
rythmengine-rythmengine-3439bd728c8e95927cea9146b5d6b59a30c3c516-Time-L1019_L1024,201876,202378,88170,88697,144282,144777,56047,61151,912079,912581,72434,0,193753,194023,101869,0
rythmengine-rythmengine-3439bd728c8e95927cea9146b5d6b59a30c3c516-Time-L1026_L1031,201520,202037,88397,88958,143975,144467,55737,60905,1007334,1007842,72077,0,181670,0,102525,0
rythmengine-rythmengine-3439bd728c8e95927cea9146b5d6b59a30c3c516-Time-L1033_L1038,201826,202318,87801,88356,142746,143279,55752,60890,287972,0,72548,0,181343,0,102747,0
rythmengine-rythmengine-3439bd728c8e95927cea9146b5d6b59a30c3c516-Time-L600_L610,198652,199150,159379,159883,137555,138122,56017,61123,352137,0,72803,0,181794,0,102194,0
rythmengine-rythmengine-3439bd728c8e95927cea9146b5d6b59a30c3c516-Time-L972_L998,255401,255934,101992,102494,141157,141644,61489,66685,141514,0,72229,0,209388,209687,114603,114874
Sayi-swagger-diff-e6abc1483ec90859aeba9d9ad4e7fd0368352d47-ModelDiff-L130_L133,167973,168485,176109,0,100528,0,31239,0,986731,987248,50454,50725,178805,0,100443,0
sbesada-java.math.expression.parser-cc92f58f6074b21cf6f5d4056b7f7cc5168f50af-ComplexFunction-L102_L107,165615,166138,65254,65748,105796,106276,32429,0,913610,914133,49671,49935,171224,171488,93936,0
sbesada-java.math.numerical.library-a2f18eda6de69c937183771d3b1f268e606a8871-FunctionX-L321_L326,168677,169176,70607,71142,114592,115099,32761,0,739995,740541,36586,0,179300,179575,121766,122052
sbesada-java.math.numerical.library-a2f18eda6de69c937183771d3b1f268e606a8871-FunctionXs-L414_L425,172623,173160,87234,87741,137132,137625,30435,0,740258,740772,55897,56185,191711,191980,106025,106299
seansegal-tincisnotcatan-f7d098c51037cb586147c1bbd5b18c2239df7b32-PlaceInitialSettlement-L90_L97,179163,179663,178527,0,110502,110998,32162,0,99495,0,38377,0,168328,0,173668,0
smola-galimatias-0771a10ef5021181fc172b95ac39e9f4c7ada2e8-URLParser-L472_L479,174800,175321,68499,69019,109144,109646,40378,43486,1062721,1063230,47205,47570,219961,220245,34188,0
sorra-TraceSonar-53ece361e0e14027d803ecbeb9f3fea76f7176ff-Traceback-L49_L55,168771,169275,176649,177161,98258,98747,32323,0,112215,0,33760,0,158447,0,103684,0
SpringStudent-GyJdbc-0ca78eb623487f137d94eb719a94464d2d0cbbe8-SQL-L108_L114,184823,185392,70450,0,135265,135788,33412,0,114732,0,56194,56455,384376,384667,108185,108471
spullara-java-future-jdk8-5925719802af19ccc6602651fc243b2ff3726b4b-CompletableFutureTest-L356_L364,204983,205985,222444,223402,116077,116576,33032,0,932001,0,336375,336695,218926,0,267659,268398
sranka-jdbcimage-4b16de3a349a30e5d69633a0fea6e08d486392b9-MainToolBase-L387_L390,172627,173160,178137,178631,103741,104221,36793,0,1078098,1078639,39202,0,171621,0,97260,0
sranka-jdbcimage-4b16de3a349a30e5d69633a0fea6e08d486392b9-MultiTableConcurrentImport-L39_L44,172820,173352,175872,176378,102952,103448,32659,0,1061906,1062458,38795,0,163959,0,97266,0
StarlangSoftware-Corpus-c0b50a746e5179df1b236273bcf1ec6d1cc988c7-SentenceSplitter-L319_L362,167680,168181,62804,63334,112909,113408,37456,40076,1178091,1178601,40378,40679,181124,181395,91504,0
StarlangSoftware-TurkishMorphologicalAnalysis-26450b47db92b64580a2bfa4a0d7d0bce38edd49-FsmMorphologicalAnalyzer-L419_L434,176211,176763,86882,87442,103254,103764,34065,0,1169094,1169596,105202,105522,504125,0,143166,0
StarlangSoftware-TurkishMorphologicalAnalysis-26450b47db92b64580a2bfa4a0d7d0bce38edd49-FsmMorphologicalAnalyzer-L494_L502,173800,174295,182934,183461,102513,103048,34022,0,1174851,1175356,104464,104726,515605,515885,144513,0
StarlangSoftware-TurkishMorphologicalAnalysis-26450b47db92b64580a2bfa4a0d7d0bce38edd49-FsmParse-L615_L623,171724,172221,173878,174366,447211,447790,31306,0,1185177,1185706,89531,89790,214208,214503,102465,0
StarlangSoftware-TurkishMorphologicalAnalysis-26450b47db92b64580a2bfa4a0d7d0bce38edd49-FsmParse-L631_L637,170855,171376,178976,179479,129241,129751,31369,0,1216027,1216501,124818,125123,222426,222727,102811,0
StarlangSoftware-TurkishMorphologicalAnalysis-26450b47db92b64580a2bfa4a0d7d0bce38edd49-Transition-L317_L330,170935,171476,101933,102435,102224,102780,35403,0,1197228,1197715,99033,99288,199963,0,101440,0
StarlangSoftware-TurkishMorphologicalDisambiguation-bf8dbc2cd835c67178eb896939ad1009b6743486-AutoDisambiguator-L275_L281,176793,177332,104930,0,1446960,1447476,35137,0,1218110,1218633,98126,98393,222756,0,94785,0
StaticBeagle-ETK4J-393c622d01b9abfcead5c9c0973b4557173502e2-Bessel-L297_L300,183513,184075,110471,111170,114759,115462,39640,0,707466,707972,65956,66236,213591,213882,189031,189476
StaticBeagle-ETK4J-393c622d01b9abfcead5c9c0973b4557173502e2-EigenvalueDecomposition-L520_L532,183839,184431,184461,185059,142976,143487,37521,0,705459,705968,57940,58210,227157,227500,96598,0
StaticBeagle-ETK4J-393c622d01b9abfcead5c9c0973b4557173502e2-EigenvalueDecomposition-L570_L576,183798,184350,168539,169043,142871,143361,37553,0,730521,731062,51903,52335,207426,207748,97149,0
STEMLab-JIneditor-ccca7bec12fe58583d25da0d13ae038b27d34424-CanvasPanel-L401_L417,209484,210020,188538,0,213737,214266,36842,0,992066,992565,44488,0,256682,0,103687,0
streamx-co-ExTree-2cb6b78c0eb4dc25fa81f582641b5464779a93fa-ExpressionMethodVisitor-L435_L437,188605,189144,82440,82957,106578,0,45752,0,644181,0,62041,62309,253327,253590,49443,0
streamx-co-FluentJPA-064ce0b468b63fa07aecb0cfc2d352108af1cb40-DSLInterpreter-L564_L564,214959,215449,209883,210398,133158,0,57076,0,665362,0,103117,103382,238292,0,70388,0
streamx-co-FluentJPA-064ce0b468b63fa07aecb0cfc2d352108af1cb40-DSLInterpreter-L566_L574,228760,229292,227294,227804,133686,0,57313,0,665580,0,85386,0,235965,0,69359,0
streamx-co-FluentJPA-064ce0b468b63fa07aecb0cfc2d352108af1cb40-DSLInterpreter-L667_L668,217888,218377,127571,128069,128234,0,53516,0,662400,0,95866,96132,226120,0,69917,0
streamx-co-FluentJPA-064ce0b468b63fa07aecb0cfc2d352108af1cb40-DSLInterpreter-L746_L753,217508,218015,154632,155164,126871,0,57226,0,667193,0,90571,0,224964,0,70794,0
stupid1t-poi-excel-7f1834f1e0fa91bed24591ee43e89d95ec39de98-PoiResult-L80_L88,186275,186842,187740,188255,103129,103619,37265,0,1253901,1254454,44162,0,185548,185802,101764,0
sylvainlaurent-swagger-validator-maven-plugin-980ad67cf33eb53ba27d44738bb8fe3aac3dba01-MimeTypeValidator-L75_L79,178190,178719,77592,78139,109329,109854,42448,0,106670,0,57831,58111,191367,191672,106797,0
Thare-Lam-fast-elasticsearch-query-builder-bc6e2adf8333363929e68f3c8dc459c320101aef-AggregationHelper-L43_L54,181496,181982,75538,76063,107832,108313,37239,0,994180,994721,52034,52311,187194,0,102455,0
TheHolyWaffle-TeamSpeak-3-Java-API-decd7c8bda74246ac9c0f704599cb4c272ba6181-CommandFuture-L792_L796,172862,173388,100738,101295,96203,0,32347,0,998747,0,38306,0,175060,175316,95522,0
ThreeTen-threetenbp-bdf97bf72f4e5af7ae3c3af1ea8e3407c1451341-DateTimeFormatterBuilder-L1397_L1403,242612,243128,244606,245187,120635,0,67671,74510,832716,0,79532,79802,285182,285457,113764,0
ThreeTen-threetenbp-bdf97bf72f4e5af7ae3c3af1ea8e3407c1451341-DateTimeFormatterBuilder-L1476_L1485,225841,226429,250807,251418,117057,0,69210,76101,815461,0,85052,85325,288996,289255,113122,0
tommyettinger-RegExodus-48a8167a5dc1e381fc741fabd425965a22aa1503-CharacterClass-L507_L519,178604,179135,198666,199177,140654,141271,36815,0,634549,0,41295,0,38327,0,36362,0
tommyettinger-RegExodus-48a8167a5dc1e381fc741fabd425965a22aa1503-CharacterClass-L551_L564,174200,174692,199328,199923,1277363,1277976,36804,0,635161,0,41410,0,38445,0,36580,0
tommyettinger-RegExodus-48a8167a5dc1e381fc741fabd425965a22aa1503-Matcher-L1423_L1427,177590,178073,184558,185048,131626,132115,36944,0,634625,0,44149,0,255626,0,97352,0
tommyettinger-RegExodus-48a8167a5dc1e381fc741fabd425965a22aa1503-Term-L1129_L1141,183353,183869,199493,199978,132226,132733,36684,0,634814,0,40958,0,233571,0,94912,0
tommyettinger-RegExodus-48a8167a5dc1e381fc741fabd425965a22aa1503-Term-L1146_L1159,183219,183724,201901,202391,131961,132470,36668,0,635137,0,47184,47461,229289,0,94866,0
tommyettinger-RegExodus-48a8167a5dc1e381fc741fabd425965a22aa1503-Term-L1242_L1246,185870,186366,200039,200525,129500,129982,36427,0,634596,0,49176,49447,228126,0,94703,0
tommyettinger-RegExodus-48a8167a5dc1e381fc741fabd425965a22aa1503-Term-L1462_L1464,173500,174011,82692,83181,105901,106376,37134,0,635441,0,41286,0,243809,244074,94690,0
tommyettinger-RegExodus-48a8167a5dc1e381fc741fabd425965a22aa1503-Term-L1474_L1476,173609,174097,82503,82989,105941,106418,36454,0,634724,0,40563,0,239724,239995,94682,0
tommyettinger-RegExodus-48a8167a5dc1e381fc741fabd425965a22aa1503-Term-L1618_L1626,177635,178121,185589,186083,106098,106595,37213,0,635654,0,41883,0,237579,237848,95176,0
tommyettinger-RegExodus-48a8167a5dc1e381fc741fabd425965a22aa1503-Term-L1633_L1635,175575,176103,85832,86314,107659,108156,38662,0,637411,0,43763,0,234313,0,96460,0
tommyettinger-RegExodus-48a8167a5dc1e381fc741fabd425965a22aa1503-Term-L1650_L1653,173666,174145,90478,90972,103333,103829,36215,0,634424,0,39989,0,263907,264182,94162,0
tommyettinger-RegExodus-48a8167a5dc1e381fc741fabd425965a22aa1503-Term-L1841_L1850,172834,173399,198504,198982,129361,129848,35922,0,634282,0,46897,47192,226634,0,93824,0
tommyettinger-RegExodus-48a8167a5dc1e381fc741fabd425965a22aa1503-Term-L1895_L1912,181668,182158,79506,0,124705,125229,33596,0,634197,0,39907,0,226515,0,94283,0
tommyettinger-RegExodus-48a8167a5dc1e381fc741fabd425965a22aa1503-Term-L1975_L2002,190378,190858,177150,177658,130655,131138,36105,0,634209,0,54504,54759,975857,976138,96745,0
tommyettinger-RegExodus-48a8167a5dc1e381fc741fabd425965a22aa1503-Term-L521_L539,189185,189671,174300,0,132708,133223,215288,0,634191,0,39960,0,232965,0,94778,0
tud-fop-j-Algo-f59fbbd9ccc3f41d6866fda44324622e2b47eef2-C00Parser-L2611_L2627,124378,0,277593,278121,167911,168451,49882,0,654285,0,63126,0,141248,0,112372,0
tud-fop-j-Algo-f59fbbd9ccc3f41d6866fda44324622e2b47eef2-C00Parser-L3663_L3671,257585,258105,265410,265923,168639,169174,49872,0,655586,0,63600,0,146919,0,112730,0
tud-fop-j-Algo-f59fbbd9ccc3f41d6866fda44324622e2b47eef2-C00Parser-L4496_L4505,137486,0,249960,250493,166846,167380,49238,0,653351,0,61941,0,140793,0,111832,0
tvesalainen-bcc-8bfbb307418a422d57370b2df12fdfb1126f3407-ByteCodeDump-L428_L437,177569,178071,172780,0,131688,132177,39644,0,1061473,1062002,42771,0,169336,0,100511,0
uber-common-jvm-profiler-07ecfce5bbae89cae1415296d4c6eb7cdd7b7dfa-DatadogOutputReporter-L43_L49,30383,0,40096,0,33813,0,30698,0,959706,0,40197,0,33020,0,33767,0
unitsofmeasurement-unit-ri-d412fc0b790d7c050dcfb2cba24a4316ece24b5c-DecimalFormat-L1895_L1900,183365,183926,78298,78864,125151,125666,44223,0,985159,0,48345,0,217715,217997,44351,0
unitsofmeasurement-unit-ri-d412fc0b790d7c050dcfb2cba24a4316ece24b5c-DecimalFormat-L1927_L1931,183526,184098,81519,82079,125434,125953,45321,0,1013441,0,49077,0,202290,0,45182,0
unitsofmeasurement-unit-ri-d412fc0b790d7c050dcfb2cba24a4316ece24b5c-DecimalFormat-L1941_L1946,184690,185243,80035,80556,126136,126640,45284,0,993571,0,49343,0,223267,223549,45585,0
vangj-jbayes-4f3a542a4cab356b2b4a3d5d735ae0346429ef2d-Evidence-L259_L263,170720,171244,157232,157708,107655,108193,33377,0,843079,843635,45920,46252,163704,0,102370,0
vangj-jbayes-4f3a542a4cab356b2b4a3d5d735ae0346429ef2d-Evidence-L267_L267,167401,167928,113270,113779,101369,101897,31903,0,875558,876070,44181,44537,161775,0,99204,0
vangj-jbayes-4f3a542a4cab356b2b4a3d5d735ae0346429ef2d-Table-L40_L51,170637,171151,179449,179942,197962,198480,31617,0,875988,876513,49085,49382,167272,0,98889,0
vincentrussell-java-ini-parser-954dd3836aa39dd170202f95e356da1eb86c894d-Ini-L153_L156,165770,166264,174030,0,98747,99234,29949,0,95415,0,46485,46757,173962,0,98024,0
vizor-games-infraworld-cornerstone-2f8c792393fd8bbfc09d5bfdd36114230f64aa5c-CastGenerator-L242_L252,282051,282545,184401,184944,104317,104896,38822,0,614652,0,41470,0,40018,0,38083,0
vizor-games-infraworld-cornerstone-2f8c792393fd8bbfc09d5bfdd36114230f64aa5c-NestedTypesRemover-L117_L128,170617,171106,185218,185757,103357,103889,34011,0,269382,0,45336,0,169405,0,101606,0
vmzakharov-dataframe-ec-b5cef516c1f02207399f751ba922f9e5347f8f3c-DoubleFormatter-L33_L42,36911,0,37159,0,37087,0,37060,0,37103,0,62603,62918,51747,0,153086,153374
vmzakharov-dataframe-ec-b5cef516c1f02207399f751ba922f9e5347f8f3c-LongFormatter-L33_L43,36381,0,36696,0,36950,0,36744,0,36910,0,62116,62432,51545,0,136831,137131
wso2-config-mapper-353b0829d3bf3dae92312dea6ff1dddff9a74fe6-KeyMapper-L62_L62,183583,184114,152816,153327,98982,0,34669,0,1099540,1100063,50038,50314,181979,0,38570,0
wso2-config-mapper-353b0829d3bf3dae92312dea6ff1dddff9a74fe6-MetaDataParser-L126_L134,189349,189854,183111,183604,98371,0,39423,0,916885,0,52890,53173,234584,234867,38614,0
wso2-config-mapper-353b0829d3bf3dae92312dea6ff1dddff9a74fe6-Validator-L154_L160,193070,193598,180779,181269,100596,0,34669,0,997294,997852,51032,51296,168519,0,96924,0
xcsp3team-XCSP3-Java-Tools-1567b06e77cb2a8b73a1ce65e4773cbf08f59ce0-ProblemDataHandler-L176_L181,230849,231348,243296,243840,1916747,0,55640,0,647691,0,73944,0,230363,230706,111325,0
xcsp3team-XCSP3-Java-Tools-1567b06e77cb2a8b73a1ce65e4773cbf08f59ce0-ProblemDataHandler-L186_L192,202084,202689,241399,241991,1622524,1623278,59485,0,652209,0,77306,0,182635,0,115643,0
xcsp3team-XCSP3-Java-Tools-1567b06e77cb2a8b73a1ce65e4773cbf08f59ce0-XParser-L331_L339,191161,191656,179913,0,116709,117288,40360,0,643602,0,123682,123971,187465,0,113620,0
ysc-word-daa57fa34645e39c6e0214d1f4698134963b65be-ChineseWordTokenizer-L139_L141,298595,299104,69852,0,1900610,0,34681,0,1767366,1767881,71969,0,467448,0,101519,0
ysc-word-daa57fa34645e39c6e0214d1f4698134963b65be-ChineseWordTokenizer-L148_L150,296948,297442,69653,0,1900381,0,34007,0,2021838,2022336,67785,0,464949,0,100934,0
ysc-word-daa57fa34645e39c6e0214d1f4698134963b65be-DictionaryFactory-L211_L220,422386,422914,181167,0,168260,168814,38103,0,1495474,1496004,66990,0,341815,0,99330,0
ysc-word-daa57fa34645e39c6e0214d1f4698134963b65be-DictionaryTools-L101_L113,345157,345638,183037,0,1903032,0,35171,0,1852659,1853259,66723,0,205223,0,107206,0
ysc-word-daa57fa34645e39c6e0214d1f4698134963b65be-PureEnglish-L82_L88,361111,361600,182140,0,1901456,0,34517,0,1786301,1786817,71624,0,1968866,1969132,3763965,3764240
yuch7-cwlexec-08b3e8ac1017f5a43d4d33699d1c9d4cb32a89e1-IOUtil-L469_L475,184086,184684,186020,186513,106799,107353,38834,0,827242,827780,57558,58012,88436,0,149607,0
Zettelkasten-Team-Zettelkasten-b68dc7638b9f9287c9528d4171a9014e8ba3eed3-ImportFromZkn-L621_L638,215758,216265,147014,147502,127414,127957,51389,0,696814,697338,62553,0,217042,0,111664,0
Zettelkasten-Team-Zettelkasten-b68dc7638b9f9287c9528d4171a9014e8ba3eed3-ImportFromZkn-L771_L806,207952,208453,113755,114241,252941,253425,49998,0,725234,725757,56319,0,213866,0,107344,0
3redronin-mu-server-69683cf8009d7a0ac52452fd4b0abe06ffd0bf87-Http1Connection-L128_L134,224793,225278,466376,466864,111748,0,48984,0,244644,0,1863612,1864019,252576,0,51786,0
3redronin-mu-server-69683cf8009d7a0ac52452fd4b0abe06ffd0bf87-Http1Connection-L176_L182,238471,238968,318132,318599,108913,0,48627,0,524918,0,544804,545076,265087,0,49341,0
3redronin-mu-server-69683cf8009d7a0ac52452fd4b0abe06ffd0bf87-Http1Connection-L97_L108,201642,202139,204862,205358,108897,0,48730,0,159653,0,1864825,1865094,241210,0,49237,0
3redronin-mu-server-69683cf8009d7a0ac52452fd4b0abe06ffd0bf87-MuWebSocketSessionImpl-L219_L220,167499,0,227940,228467,118326,118827,48523,0,149335,0,177504,177777,236643,0,48869,0
3redronin-mu-server-69683cf8009d7a0ac52452fd4b0abe06ffd0bf87-RestHandler-L142_L147,193538,194018,314070,314578,117950,118425,48933,0,272800,0,154537,0,183587,0,104273,0
albfernandez-itext2-5ac684e2140a3d9a5b4c34dfd2639dcc87884ad0-PdfDocument-L1568_L1578,264338,264893,213413,213922,207642,208170,48204,0,978187,0,65427,65772,279044,0,108044,0
albfernandez-itext2-5ac684e2140a3d9a5b4c34dfd2639dcc87884ad0-PdfDocument-L578_L585,297598,298110,199906,200452,253334,253837,48204,0,957538,958042,171479,171798,303811,304096,110081,0
albfernandez-itext2-5ac684e2140a3d9a5b4c34dfd2639dcc87884ad0-PRTokeniser-L442_L457,348878,349369,115433,115939,127402,127910,46710,0,1024771,1025296,63934,64204,227196,0,105190,0
albfernandez-itext2-5ac684e2140a3d9a5b4c34dfd2639dcc87884ad0-PushbuttonField-L520_L529,241601,242105,200425,200937,115599,116087,46494,0,115426,0,54039,0,259669,0,106847,0
alibaba-compileflow-e96a05224f71bf4aa3d9fb37bba85764b2fc153f-PluginManager-L226_L231,160452,0,63902,0,97650,0,36765,0,135415,0,47211,0,168006,0,102620,0
apache-dubbo-hessian-lite-ca001b4658227d5122f85bcb45032a0dac4faf0d-Hessian2Input-L2594_L2600,231082,231580,184973,185495,172138,172620,187032,0,973734,974244,39879,0,230795,0,102286,0
apache-dubbo-hessian-lite-ca001b4658227d5122f85bcb45032a0dac4faf0d-HessianDebugState-L588_L595,32342,0,32723,0,32194,0,32323,0,32241,0,42895,0,266595,266891,112005,112286
AwakenCN-InChat-329de8bc3042b49aeaeb816d38b56e9de4226049-NettyBootstrapServer-L98_L104,174282,174783,209616,210099,98880,99385,32120,0,630128,0,35133,0,33688,0,99233,0
axelhjalm-bitwig-midi-fighter-twister-a1ad3eecd81353437619818f3a0cf4db0519194b-VolumesPage-L55_L60,166691,167189,179352,179854,101052,101541,33634,0,864666,865175,35383,0,159186,0,92426,0
Azure-Samples-cassandra-proxy-f184bcaa612808ad9348a629330cc6bc94c13105-ProxyClient-L174_L183,168529,169011,169592,0,105800,106292,32913,0,978567,979069,35350,0,222758,0,95327,0
blackbeard334-djoom3-64362645420c99ac621b051a678de96883e2a329-idMatX-L5969_L5984,446001,0,215094,0,333718,0,60537,0,657832,0,144552,0,532091,0,145518,0
blackbeard334-djoom3-64362645420c99ac621b051a678de96883e2a329-Parser-L2344_L2368,37688,0,37464,0,37458,0,37667,0,37292,0,65418,0,265302,0,123305,0
blackbeard334-djoom3-64362645420c99ac621b051a678de96883e2a329-Codec-L269_L281,52824,0,105277,105770,341175,341650,49771,0,655987,0,65424,0,193170,0,113122,0
blackbeard334-djoom3-64362645420c99ac621b051a678de96883e2a329-snd_world-L1522_L1526,53557,0,201249,0,118851,0,61280,0,656448,0,68873,0,250993,0,60152,0
cacfd3a-java-nfa-646a76c291253614abc5708107dee7b4387ca784-NFA-L101_L103,173043,173560,179790,180296,95925,0,31805,0,101344,0,46680,46944,177807,178088,91844,0
cellsrg-tabbypdf-def8bb08e7733a9b87e593cb5363ef82581628c1-PdfDataExtractor-L101_L106,169907,0,69121,0,101581,0,41560,0,1071309,0,45227,0,150518,0,102415,0
cellsrg-tabbypdf-def8bb08e7733a9b87e593cb5363ef82581628c1-TableRegionDetector-L254_L257,169101,0,65805,0,100736,0,40143,0,953671,0,42142,0,186881,0,97075,0
codelibs-jcifs-c9ad4eeaf763ad764cb485c4149a0b236eaa7d3e-SmbSessionImpl-L898_L902,206174,206664,562769,563293,115621,116123,46332,0,1105167,0,52416,0,222850,0,46727,0
codelibs-jcifs-c9ad4eeaf763ad764cb485c4149a0b236eaa7d3e-SmbSessionImpl-L949_L955,221208,221707,281461,281942,106619,0,46120,0,1035146,0,52934,0,229924,0,46089,0
dakusui-jcunit-5e081ae71f7e1ab8326aed77612a97c983c9dc06-IpoGplus-L201_L201,173409,0,68052,0,104374,0,43962,0,469338,0,61090,0,177426,0,102749,0
dakusui-jcunit-5e081ae71f7e1ab8326aed77612a97c983c9dc06-Joiner-L322_L327,29331,0,29358,0,29301,0,29386,0,29188,0,39107,0,165815,0,98388,0
delthas-JavaMP3-8b42e48a549813b43c99db9fef525286c888a082-Decoder-L648_L660,175828,176326,185885,186375,126626,127121,31903,0,1186696,1187225,40361,0,194963,0,33862,0
graphstream-gs-core-950b87280075f92a85b564b47ce6522ced5ba53a-GraphDiff-L203_L210,40675,0,40846,0,39582,0,40533,0,40726,0,60933,0,208554,0,108242,0
graphstream-gs-core-950b87280075f92a85b564b47ce6522ced5ba53a-GraphDiff-L214_L215,39433,0,40232,0,39834,0,40440,0,40532,0,58976,0,208681,0,108258,0
HelixNetwork-pendulum-919ae1df7ca4359aad6b9a4575beb9d3ca4de8ef-RocksDBPersistenceProvider-L295_L302,174245,0,213874,214395,104144,0,38609,0,610804,0,116749,117047,46840,0,101757,0
inversoft-restify-8522579dded221db5c3822274ecd11a2b6426082-FormDataBodyHandler-L156_L162,165527,166036,63335,63850,521384,521866,29562,0,1143022,1143548,41589,41847,175913,176181,108779,109049
iris-edu-stationxml-seed-converter-7526c0b8fd214af02a767142d97638e7bc129dd9-SeedToXmlDocumentConverter-L129_L135,0,0,0,0,0,0,0,0,0,0,0,0,0,0,0,0
JoonasVali-jartin-d54d145b05666c9e5661fd27ab4c128eb05f1c9f-Stamp-L67_L71,25100,0,24769,0,25270,0,25252,0,24964,0,35998,0,147336,0,34557,0
redis-lettuce-761d60247159662ce1db8bc20318bc4b573bc010-StatefulRedisConnectionImpl-L203_L214,111923,0,1778170,1778688,189818,0,106562,0,199264,0,152022,0,138606,0,185182,0
LHNCBC-metamaplite-3eac19c131c1c24c16a8e279d171c3747bd1fc76-MetaMapLite-L1588_L1607,0,0,0,0,0,0,0,0,0,0,0,0,0,0,0,0
meteoinfo-wContour-dade1e866bf3d3eab56bd09f2b1dcdac5c1ee6f6-Contour-L270_L317,184914,185419,189614,190116,159500,159997,40045,0,893616,894140,41416,0,392103,0,113078,113344
mimno-Mallet-ff204eb8aa7f414e779f37843fb68b3e1fdc7015-SimpleTaggerWithConstraints-L439_L445,269475,269964,125762,0,183602,184117,102902,0,761546,0,139643,0,262720,0,166016,0
mimno-Mallet-ff204eb8aa7f414e779f37843fb68b3e1fdc7015-Vectors2Classify-L268_L274,255078,255580,266145,266645,184032,184511,102781,0,853209,853734,148720,0,254187,0,167371,0
msemys-esjc-2953c0bbdb6192502a786f47873aed8ab0ef9c93-EventStoreTcp-L867_L868,188517,0,75581,0,112027,0,51123,0,998331,0,57018,0,179581,0,105982,0
msemys-esjc-2953c0bbdb6192502a786f47873aed8ab0ef9c93-IdentificationHandler-L91_L92,197381,197879,249759,250328,113265,113748,45459,0,978388,978888,50285,0,172822,0,101915,0
mvel-mvel-236d37bc78a158553592afedbbf1aa27815efb78-MathProcessor-L350_L364,32963,0,32815,0,32759,0,32937,0,32678,0,73501,73814,244366,244656,110856,0
pmlopes-aws-lambda-native-vertx-46ebe9755ea5c0f8473db95e21dc7d0c556ad230-LambdaBootstrap-L119_L127,27183,0,26428,0,27014,0,26577,0,26961,0,32421,0,29805,0,89944,0
remondis-it-pact-consumer-builder-4350f58d646d7aade31dc1caed7fb380b9cd143e-ConsumerBuilderImpl-L241_L242,29892,0,29989,0,29716,0,30254,0,30199,0,34012,0,87360,0,93685,0
streamx-co-ExTree-2cb6b78c0eb4dc25fa81f582641b5464779a93fa-Interpreter-L383_L420,28548,0,28305,0,28565,0,28558,0,28263,0,31669,0,218361,0,32345,0
streamx-co-FluentJPA-064ce0b468b63fa07aecb0cfc2d352108af1cb40-DSLInterpreter-L809_L811,42899,0,42958,0,42958,0,43070,0,43055,0,53560,0,202513,0,54014,0
streamx-co-FluentJPA-064ce0b468b63fa07aecb0cfc2d352108af1cb40-DSLInterpreter-L815_L820,211157,211654,222690,223182,119345,0,51443,0,659542,0,93513,93768,227982,0,67668,0
SvenEwald-xmlbeam-84a2a91c216622c611a948d88792c846b532aa0a-ExpressionTypeEvaluationVisitor-L136_L152,0,0,0,0,0,0,0,0,0,0,0,0,0,0,0,0
swtcpro-jingtum-lib-java-793e75b9d350ae7385551191bf0b75b307d05354-Remote-L537_L545,175885,176382,183101,183587,220285,220760,33305,0,155164,0,40540,0,485145,0,110685,0
toolbox4minecraft-amidst-86ffd6004a3ab2a88b9325de420a596665f0df75-FragmentQueueProcessor-L69_L75,191619,192142,1622561,1623100,140821,141334,34930,0,643687,0,45026,0,711490,0,98936,0
vert-x3-vertx-docgen-ec8245f872ba95ca8fdf967edba001fd841cdc35-BaseProcessor-L169_L172,28317,0,28768,0,28572,0,28579,0,28949,0,818921,0,74358,0,91448,0
vmzakharov-dataframe-ec-b5cef516c1f02207399f751ba922f9e5347f8f3c-DataFrame-L1780_L1782,208676,209193,196865,197357,153828,154354,39138,0,640977,0,44248,0,49143,0,107626,0
walmartlabs-gozer-694f2cd0e3341dd2d4eaf61467ef9f91881ddb4d-X12TransactionSplitter-L234_L234,212523,213032,110034,110536,144025,144542,69231,0,1119101,1119630,89867,90165,205091,0,135118,0
yinlou-mltk-f50c42986fdd016e7da38d5e381ed24d8fe87e41-Visualizer-L123_L139,30169,0,30521,0,30599,0,30350,0,30297,0,41447,0,199156,199446,125024,0
