3redronin-mu-server-69683cf8009d7a0ac52452fd4b0abe06ffd0bf87-AsyncSsePublisher-L174_L178,0,8,9,10,16,17,20,
3redronin-mu-server-69683cf8009d7a0ac52452fd4b0abe06ffd0bf87-AsyncSsePublisherTest-L102_L105,0,9,10,11,14,17,
3redronin-mu-server-69683cf8009d7a0ac52452fd4b0abe06ffd0bf87-Http1Response-L62_L66,3,4,5,8,11,12,15,
3redronin-mu-server-69683cf8009d7a0ac52452fd4b0abe06ffd0bf87-Http2Connection-L355_L359,
3redronin-mu-server-69683cf8009d7a0ac52452fd4b0abe06ffd0bf87-NettyResponseAdaptor-L153_L157,3,4,5,8,11,12,15,
3redronin-mu-server-69683cf8009d7a0ac52452fd4b0abe06ffd0bf87-RateLimiterImpl-L42_L45,3,4,5,6,7,13,15,19,20,21,24,
3redronin-mu-server-69683cf8009d7a0ac52452fd4b0abe06ffd0bf87-RequestBodyReader-L147_L152,0,8,9,10,16,17,
3redronin-mu-server-69683cf8009d7a0ac52452fd4b0abe06ffd0bf87-RequestBodyReader-L71_L76,0,9,10,11,18,19,
adobe-commerce-cif-magento-graphql-0bc22bb767a8270f94ee04d85ab2571569a146a1-ProductFilterInput-L1411_L1416,5,11,21,23,
adobe-commerce-cif-magento-graphql-0bc22bb767a8270f94ee04d85ab2571569a146a1-ProductSortInput-L1270_L1275,5,11,21,23,
albfernandez-itext2-5ac684e2140a3d9a5b4c34dfd2639dcc87884ad0-BmpImage-L401_L415,15,16,17,18,19,21,22,23,24,25,26,27,28,29,30,31,32,33,34,35,36,37,40,43,57,58,59,60,61,63,64,65,66,67,68,69,70,71,72,73,74,75,76,77,78,79,82,85,99,100,101,102,103,105,106,107,108,109,110,111,112,113,114,115,116,117,118,119,120,121,124,127,131,132,133,134,137,143,144,145,146,149,
albfernandez-itext2-5ac684e2140a3d9a5b4c34dfd2639dcc87884ad0-HTMLWorker-L285_L290,5,7,16,17,18,28,
albfernandez-itext2-5ac684e2140a3d9a5b4c34dfd2639dcc87884ad0-PushbuttonField-L476_L492,9,11,12,13,14,18,19,22,29,30,31,32,33,34,38,39,42,46,47,48,49,52,62,63,71,
albfernandez-itext2-5ac684e2140a3d9a5b4c34dfd2639dcc87884ad0-SAXiTextHandler-L460_L474,9,10,11,12,13,14,21,22,23,24,25,26,27,34,35,36,37,38,39,40,47,48,49,50,51,52,53,66,
albfernandez-itext2-5ac684e2140a3d9a5b4c34dfd2639dcc87884ad0-SimpleXMLParser-L377_L383,3,4,5,6,9,13,15,16,17,18,25,26,27,28,35,36,37,38,
albfernandez-itext2-5ac684e2140a3d9a5b4c34dfd2639dcc87884ad0-TiffImage-L494_L502,38,39,40,41,43,44,45,46,47,51,52,53,54,70,71,72,73,74,75,76,77,78,79,82,83,84,85,86,87,88,89,90,91,92,93,94,110,111,112,113,114,115,116,117,118,119,120,121,122,123,126,127,128,129,130,131,132,133,134,135,136,137,138,154,155,156,157,158,159,160,161,162,163,164,165,166,167,168,169,171,
alfasoftware-soapstone-480e00c3384796efb1b2e69ba611d0234f6af333-WebServiceInvoker-L99_L103,
alibaba-compileflow-e96a05224f71bf4aa3d9fb37bba85764b2fc153f-DataType-L1023_L1033,3,4,5,6,7,8,9,10,14,18,
alibaba-compileflow-e96a05224f71bf4aa3d9fb37bba85764b2fc153f-DataType-L1041_L1047,5,
alibaba-compileflow-e96a05224f71bf4aa3d9fb37bba85764b2fc153f-DataType-L1056_L1066,5,
alibaba-compileflow-e96a05224f71bf4aa3d9fb37bba85764b2fc153f-PluginManager-L133_L140,4,6,7,10,13,14,87,88,90,122,
alibaba-compileflow-e96a05224f71bf4aa3d9fb37bba85764b2fc153f-PluginManager-L182_L185,9,13,
apache-commons-codec-634ac7caba17b3610e8fe3dd19f9f05faf4d1f94-Rule-L223_L227,13,
apache-commons-codec-634ac7caba17b3610e8fe3dd19f9f05faf4d1f94-Rule-L532_L533,0,1,2,3,4,5,6,7,8,9,51,52,100,104,105,106,107,108,114,115,116,117,
apache-commons-compress-ca1052f1347e301b46b1224d6b92198699663763-ParallelScatterZipCreatorTest-L325_L329,
apache-commons-imaging-d3b3b534198d2b0b631379515e2b53905b425e70-JpegImageParser-L391_L407,3,12,13,30,31,33,39,40,41,42,49,52,53,55,56,61,62,63,64,65,66,73,
apache-dubbo-hessian-lite-ca001b4658227d5122f85bcb45032a0dac4faf0d-Hessian2Input-L1114_L1114,0,1,2,3,4,5,6,7,8,9,10,11,12,13,14,15,27,28,29,30,31,32,33,34,35,36,
apache-dubbo-hessian-lite-ca001b4658227d5122f85bcb45032a0dac4faf0d-Hessian2Input-L1404_L1404,0,1,2,3,4,5,6,7,8,9,10,11,12,13,14,15,27,28,29,30,31,32,33,34,35,36,
apache-dubbo-hessian-lite-ca001b4658227d5122f85bcb45032a0dac4faf0d-Hessian2Input-L1795_L1797,0,1,3,
apache-dubbo-hessian-lite-ca001b4658227d5122f85bcb45032a0dac4faf0d-Hessian2Input-L725_L728,0,1,2,3,20,21,22,23,40,41,42,43,58,59,60,61,62,64,65,66,67,68,
apache-dubbo-hessian-lite-ca001b4658227d5122f85bcb45032a0dac4faf0d-Hessian2Input-L899_L902,10,11,12,13,14,18,19,20,21,32,33,34,35,36,39,40,41,42,43,54,55,56,57,58,61,62,63,64,65,
apache-sling-org-apache-sling-servlets-resolver-75e62e657fc0b2dbbc90287cba23a24116152fce-BundledScriptTracker-L194_L201,0,4,5,6,13,14,15,18,
apache-sling-org-apache-sling-servlets-resolver-75e62e657fc0b2dbbc90287cba23a24116152fce-BundledScriptTracker-L224_L228,8,9,10,14,
apache-sling-org-apache-sling-servlets-resolver-75e62e657fc0b2dbbc90287cba23a24116152fce-BundledScriptTracker-L260_L268,6,7,8,9,17,18,20,30,31,33,34,35,36,37,38,39,40,47,
apache-sling-org-apache-sling-servlets-resolver-75e62e657fc0b2dbbc90287cba23a24116152fce-BundledScriptTracker-L274_L284,6,7,8,9,17,18,20,30,31,33,34,35,36,37,38,39,40,47,53,147,148,149,150,210,212,213,
apache-sling-org-apache-sling-servlets-resolver-75e62e657fc0b2dbbc90287cba23a24116152fce-BundledScriptTracker-L303_L305,8,100,101,102,103,147,148,
apache-sling-org-apache-sling-servlets-resolver-75e62e657fc0b2dbbc90287cba23a24116152fce-BundledScriptTracker-L492_L496,3,12,14,
apache-xmlgraphics-commons-d5d782f9fce99774ef206a4a4437fc86f711d9d9-TIFFImageEncoder-L448_L454,0,1,2,3,4,5,6,7,10,11,12,13,15,16,19,22,25,28,30,34,35,36,45,48,51,
apache-xmlgraphics-commons-d5d782f9fce99774ef206a4a4437fc86f711d9d9-TIFFImage-L1181_L1193,8,9,11,13,14,16,29,31,32,33,34,35,36,38,39,40,41,42,43,44,45,46,47,59,86,89,98,110,119,120,125,128,129,130,131,132,133,137,138,148,170,184,185,188,
apache-xmlgraphics-commons-d5d782f9fce99774ef206a4a4437fc86f711d9d9-TIFFImage-L216_L231,9,18,19,20,23,26,27,28,30,31,34,44,45,46,50,82,83,84,85,88,
apache-xmlgraphics-commons-d5d782f9fce99774ef206a4a4437fc86f711d9d9-TIFFImage-L931_L943,8,9,10,11,13,14,15,16,17,25,29,30,31,32,35,49,54,57,58,59,60,61,64,73,78,81,84,93,98,99,101,
apache-xmlgraphics-commons-d5d782f9fce99774ef206a4a4437fc86f711d9d9-TIFFImage-L954_L966,8,9,10,11,13,14,15,16,17,25,29,30,31,32,35,49,52,53,54,55,56,59,68,71,74,83,84,86,
ATLANTBH-owl-f808feae5b021ce37e7a937ab03bf3327be386ad-ServicesUtils-L47_L51,0,5,93,
attoparser-attoparser-e1049dcd8261fe315b679029e711a9f5ea03f1cc-MarkupSelectorItems-L148_L149,3,4,5,6,7,8,9,10,13,14,
attoparser-attoparser-e1049dcd8261fe315b679029e711a9f5ea03f1cc-MarkupSelectorItems-L249_L255,0,1,2,3,7,8,9,10,13,14,18,19,20,
attoparser-attoparser-e1049dcd8261fe315b679029e711a9f5ea03f1cc-MarkupSelectorItems-L407_L417,2,4,5,6,7,11,12,13,14,15,16,17,20,25,26,27,28,29,33,34,35,42,45,48,49,50,51,52,59,
awslabs-aws-glue-catalog-sync-agent-for-hive-2ba77e5718c5b1988e711fac37966b40665bc385-HiveGlueCatalogSyncAgent-L371_L383,6,8,9,10,27,31,32,42,43,
awslabs-aws-glue-catalog-sync-agent-for-hive-2ba77e5718c5b1988e711fac37966b40665bc385-HiveGlueCatalogSyncAgent-L408_L426,6,8,9,10,18,22,23,50,51,
Azure-azure-functions-java-worker-c92d38cdeb867f2f7e2ae9b2515c32c2ecfd1e41-BindingDataStore-L104_L104,
Azure-Samples-cassandra-proxy-f184bcaa612808ad9348a629330cc6bc94c13105-ProxyClient-L246_L254,10,11,12,
Azure-Samples-cassandra-proxy-f184bcaa612808ad9348a629330cc6bc94c13105-Proxy-L346_L349,7,8,9,27,
ben-xo-cdjscrobbler-921fe5394227f1f602174b7c8935697904128d53-UpdateListener-L99_L109,
bkatwal-kafka-solr-sink-connector-f0d022607f3d5419053bfb0c87a710fb37e00896-PlainJsonDocMappersImpl-L103_L108,0,9,10,15,16,17,26,
bkatwal-kafka-solr-sink-connector-f0d022607f3d5419053bfb0c87a710fb37e00896-SolrServiceImpl-L139_L144,0,9,10,15,16,17,20,26,
blackbeard334-djoom3-64362645420c99ac621b051a678de96883e2a329-AASReach-L542_L546,0,1,2,3,4,5,6,7,8,9,10,11,12,13,14,15,16,17,19,20,21,23,34,35,36,61,62,63,68,70,81,115,
blackbeard334-djoom3-64362645420c99ac621b051a678de96883e2a329-AASReach-L575_L587,9,10,11,27,28,33,53,111,113,114,152,157,215,216,219,220,222,223,226,227,228,235,236,237,238,241,246,267,268,274,276,277,282,305,306,
blackbeard334-djoom3-64362645420c99ac621b051a678de96883e2a329-EditWindow-L287_L300,3,4,6,7,8,10,11,12,13,14,16,20,57,76,77,79,121,122,124,127,129,130,131,132,133,134,135,137,140,177,196,197,199,241,242,244,249,250,
blackbeard334-djoom3-64362645420c99ac621b051a678de96883e2a329-Model_lwo-L2980_L2997,0,1,3,4,5,6,7,8,9,10,11,12,13,14,15,19,20,21,22,23,24,25,31,32,33,36,37,39,40,41,42,43,44,45,46,47,48,49,50,51,55,56,57,58,59,60,66,67,68,101,102,106,107,109,110,111,112,113,114,115,116,117,118,119,120,121,125,126,127,128,129,130,131,137,138,139,142,143,145,146,147,148,149,150,151,152,153,154,155,156,157,161,162,163,164,165,166,167,168,169,170,171,174,175,177,178,179,180,181,182,183,184,185,186,187,188,189,193,194,195,196,197,198,206,
blackbeard334-djoom3-64362645420c99ac621b051a678de96883e2a329-Simd_Generic-L1286_L1294,8,9,10,11,13,14,15,16,17,23,31,32,35,36,37,38,39,40,41,46,48,53,58,63,66,69,70,73,74,77,78,81,82,83,84,85,86,87,92,93,99,104,109,112,115,116,119,120,123,124,127,128,129,130,131,132,133,138,139,141,146,151,156,159,162,163,166,167,170,171,174,175,176,177,178,179,180,185,186,188,193,198,203,206,209,210,213,214,217,218,221,222,223,224,225,226,227,232,233,235,240,245,250,253,256,257,260,261,264,265,268,269,270,271,272,273,274,279,280,282,287,292,297,298,300,
blackbeard334-djoom3-64362645420c99ac621b051a678de96883e2a329-Simd_Generic-L1308_L1316,8,9,10,11,13,14,15,16,17,25,26,27,32,33,34,37,38,39,40,41,44,45,46,47,48,49,50,51,52,53,54,55,56,57,64,67,68,69,71,72,73,74,77,80,83,86,89,92,95,98,101,104,107,110,113,117,118,119,120,123,124,125,126,127,130,131,132,133,134,137,138,139,140,141,142,143,144,145,146,147,148,149,150,155,158,161,162,163,164,165,166,167,170,173,176,179,182,185,188,191,194,197,200,203,206,210,211,212,213,216,217,218,219,220,223,224,225,226,227,230,231,232,233,234,235,236,237,238,239,240,241,242,243,248,251,254,255,256,257,258,259,260,261,264,267,270,273,276,279,282,285,288,291,294,297,300,304,305,306,307,310,311,312,313,314,317,318,319,320,321,324,325,326,327,328,329,330,331,332,333,334,335,336,337,342,345,348,349,350,351,352,353,354,355,358,361,364,367,370,373,376,379,382,385,388,391,394,398,399,400,401,404,405,406,407,408,411,412,413,414,415,418,419,420,421,422,423,424,425,426,427,428,429,430,431,436,439,442,443,444,445,446,447,448,449,452,455,458,461,464,467,470,473,476,479,482,485,488,492,493,494,495,498,499,500,501,502,505,506,507,508,509,512,513,514,515,516,517,518,519,520,521,522,523,524,525,530,533,536,537,538,539,540,541,542,543,546,549,552,555,558,561,564,567,570,573,576,579,582,583,584,585,586,587,589,590,592,594,596,597,599,
blackbeard334-djoom3-64362645420c99ac621b051a678de96883e2a329-Window-L1599_L1604,0,5,7,51,69,71,72,74,120,121,122,125,126,127,128,130,134,136,
blackbeard334-djoom3-64362645420c99ac621b051a678de96883e2a329-Window-L1660_L1666,0,1,4,7,8,11,18,19,23,24,25,26,28,29,30,31,32,34,38,39,40,41,44,47,
Blazemeter-xtn5250-240e00411e0c21995e87f5a36dd0f6fee2929af8-XI5250CrtFrame-L158_L165,3,21,34,35,39,54,66,
bruceran-krpc-33c83d78574a472e3cbfc75afa87ec57253cc90c-Bootstrap-L598_L604,0,2,3,4,5,6,7,8,9,12,38,69,70,71,72,74,104,105,108,109,110,111,112,113,117,180,181,182,183,215,218,219,225,
casbin-jcasbin-eb7f93118e4f6d93e44cd779ce17a2f5f2d81387-Model-L332_L336,0,4,5,6,9,11,17,20,26,30,31,32,35,37,45,48,57,61,65,69,79,80,81,85,89,93,99,100,101,102,106,
cellsrg-tabbypdf-def8bb08e7733a9b87e593cb5363ef82581628c1-TableRegionDetector-L92_L95,25,33,
chengdedeng-waf-9ba9a18857154830a35e3b10d111d025208f73ef-CCSecurity-L101_L113,28,29,30,
chengdedeng-waf-9ba9a18857154830a35e3b10d111d025208f73ef-SecurityConfigItemValidator-L37_L40,3,4,5,
chengdedeng-waf-9ba9a18857154830a35e3b10d111d025208f73ef-SecurityConfigItemValidator-L49_L52,0,1,2,3,4,10,12,16,17,18,
chengdedeng-waf-9ba9a18857154830a35e3b10d111d025208f73ef-ZkClusterService-L131_L138,23,
chengdedeng-waf-9ba9a18857154830a35e3b10d111d025208f73ef-ZkClusterService-L186_L196,3,4,5,6,10,11,12,13,25,28,31,37,
chengdedeng-waf-9ba9a18857154830a35e3b10d111d025208f73ef-ZkClusterService-L225_L229,9,12,
chengdedeng-waf-9ba9a18857154830a35e3b10d111d025208f73ef-ZkClusterService-L253_L257,9,12,
chengdedeng-waf-9ba9a18857154830a35e3b10d111d025208f73ef-ZkClusterService-L287_L294,23,
codeine-cd-codeine-355463b17c671925bc8bd3951dabb98a150dfe36-HealthServlet-L32_L37,6,7,14,15,19,28,29,30,33,35,
darmiel-eeee-f4114a3bf831ae88f6cca606f4d0f93ac09cc210-EntryMethod-L58_L63,
datadotworld-dw-jdbc-ac4f7d8a457dce89cbaa9eb33994304e5504fda1-SparqlResultsParser-L68_L75,0,5,8,42,68,69,70,71,73,123,124,125,126,129,
datadotworld-dw-jdbc-ac4f7d8a457dce89cbaa9eb33994304e5504fda1-SparqlResultsParser-L70_L72,3,4,5,8,
magdel-MapNav-97c4f93f02a56aa1ce2b2ffc8d0cd41ed150e9b3-MapCanvas-L1732_L1734,4,5,6,7,9,11,13,15,16,17,22,23,24,25,36,37,43,44,50,51,57,58,64,65,68,69,70,71,73,77,78,79,80,81,82,83,84,85,93,94,98,99,100,101,102,103,104,105,106,114,
maxmind-geoip-api-java-0ed8a38981512667533d47204486aae0278a1bc8-regionName-L11_L23,0,2,3,4,6,8,9,11,13,19,20,24,25,26,28,29,30,36,38,39,40,93,119,121,122,123,125,127,128,130,132,140,141,143,144,145,147,148,149,150,152,241,242,243,244,245,246,247,248,249,250,253,254,255,256,260,261,262,263,265,266,267,268,270,271,272,273,274,276,277,278,279,280,282,283,284,285,286,289,290,292,293,294,296,298,299,301,303,309,310,314,315,316,318,319,320,326,328,394,397,469,603,605,606,608,609,610,611,612,614,624,625,627,629,631,632,633,634,635,636,779,916,917,918,919,920,921,922,923,924,925,926,927,928,929,930,931,932,933,934,935,936,938,940,941,942,943,948,949,950,951,952,953,954,956,957,958,959,960,961,962,964,965,966,967,968,969,970,971,973,974,975,976,977,978,979,980,982,983,984,985,986,987,988,989,992,
maxmind-geoip-api-java-0ed8a38981512667533d47204486aae0278a1bc8-timeZone-L33_L81,0,1,4,6,7,8,11,12,13,14,17,18,19,20,21,25,26,27,28,31,32,33,34,35,39,40,41,42,45,46,47,48,49,53,54,55,56,59,60,61,62,63,67,68,69,70,73,74,75,76,77,81,82,83,84,87,88,89,90,91,95,96,97,98,101,102,103,104,105,109,110,111,112,115,116,117,118,119,123,124,125,126,129,130,131,132,133,137,138,139,140,143,144,145,146,147,151,152,153,154,157,158,159,160,161,165,166,167,168,171,172,173,174,175,179,180,181,182,185,186,187,188,189,193,194,195,196,199,200,201,202,203,207,208,209,210,213,214,215,216,217,221,222,223,224,227,228,229,230,231,235,236,237,238,241,242,243,244,245,249,250,251,252,255,256,257,258,259,263,264,265,266,269,270,271,272,273,277,278,279,280,283,284,285,286,287,291,292,293,294,297,298,299,300,301,305,306,307,308,311,312,313,314,315,319,320,321,322,325,326,327,328,333,334,
messai-engineering-Yuga-40b006970e6e9a1eb5fc13e739f22232c683a965-Yuga-L239_L245,5,6,14,16,19,20,24,27,28,29,30,32,33,79,80,132,133,180,184,
mvel-mvel-236d37bc78a158553592afedbbf1aa27815efb78-AbstractParser-L324_L329,3,4,17,29,31,32,34,35,39,73,74,75,
PeterisP-morphology-1195adb7bb994292e5b06f2b20f4feb6191ca951-Mijas-L122_L125,4,5,6,7,9,10,11,12,14,15,16,17,22,41,42,43,44,46,47,48,49,51,52,53,54,59,70,79,80,81,82,84,85,86,87,89,90,91,92,97,108,117,118,119,120,122,123,124,126,127,128,129,132,141,
pvto-konte-art-03c969d8fd62ba3c7175a840e6a785049183f4b6-Parser-L611_L613,0,1,2,3,4,8,10,11,12,13,14,15,16,20,21,22,
tud-fop-j-Algo-f59fbbd9ccc3f41d6866fda44324622e2b47eef2-C00Lexer-L1628_L1633,0,2,3,4,5,8,14,16,26,27,40,50,85,86,87,109,147,177,213,219,245,246,270,271,282,307,329,361,379,381,383,385,387,388,390,393,394,396,398,400,402,404,405,407,
tud-fop-j-Algo-f59fbbd9ccc3f41d6866fda44324622e2b47eef2-C00Parser-L1146_L1155,1,2,3,6,8,12,14,48,
davidmoten-aws-maven-plugin-e027d61b07cdc0e8b915217f1f6aca9b0f41011d-BeanstalkRemovePortsMojo-L103_L108,13,21,22,23,36,39,44,
delthas-JavaMP3-8b42e48a549813b43c99db9fef525286c888a082-Decoder-L711_L714,8,9,11,13,15,17,19,20,23,27,28,29,30,31,32,33,34,35,36,37,38,39,40,41,42,43,44,45,46,47,48,49,50,51,52,53,54,55,56,57,58,59,60,61,62,63,64,65,70,71,72,73,74,75,76,77,78,79,80,81,82,83,84,86,87,89,90,92,93,94,96,97,98,100,101,102,104,105,106,108,
demidenko05-beigesoft-accounting-0170596e736d3cc69f70c88ced3b9d78f63ddca1-InvoiceReportPdf-L142_L148,26,73,77,
demidenko05-beigesoft-webstore-624d41d82547ff897ca5b3740d8d73cb2dacf052-PrcRefreshItemsInList-L776_L783,6,7,8,9,10,11,14,15,16,17,18,19,21,24,27,
demidenko05-beigesoft-webstore-624d41d82547ff897ca5b3740d8d73cb2dacf052-PrcRefreshItemsInList-L798_L821,3,4,5,6,7,8,11,12,13,14,15,16,18,24,25,34,35,36,40,41,42,45,46,47,48,51,52,53,54,55,56,58,61,62,64,70,71,72,76,77,78,81,82,83,84,87,88,89,90,91,92,94,104,
dingjs-javaagent-aa1cea60d0042f58977fb5d42c16afca92ad589d-Executor-L282_L293,7,10,75,78,79,85,
dnsjava-dnsjava-206c9e51ac18e1ed6f82beb16cb6c0ff1f83b095-LookupSession-L302_L306,5,
domclick-kafka-logback-91d21ace796dd29ef953b86fcd7ebe55f43ca58d-KafkaAppender-L95_L104,2,4,6,7,8,9,10,11,12,13,17,18,19,20,21,22,23,24,25,26,27,30,33,34,38,39,40,51,52,
erdtman-java-json-canonicalization-535ab0075405f6aafb96a4197f943838130666d3-NumberDToA-L461_L466,8,9,10,12,27,28,29,30,31,32,33,34,35,37,38,39,40,41,42,44,45,46,47,48,49,50,51,52,54,58,59,60,69,72,73,74,75,76,77,79,82,83,84,85,88,
erdtman-java-json-canonicalization-535ab0075405f6aafb96a4197f943838130666d3-NumberDToA-L468_L473,0,1,2,3,6,12,15,24,25,26,28,53,55,56,57,58,59,60,61,62,64,65,66,68,69,70,72,73,74,75,76,77,79,80,81,82,83,84,85,86,87,89,93,94,95,104,107,108,109,110,111,112,114,
erdtman-java-json-canonicalization-535ab0075405f6aafb96a4197f943838130666d3-NumberDToA-L523_L532,2,5,6,7,8,10,11,12,13,17,18,19,20,22,23,24,25,28,29,30,31,32,34,35,42,43,44,45,46,48,49,50,51,52,53,54,58,59,60,69,72,73,79,82,83,
erdtman-java-json-canonicalization-535ab0075405f6aafb96a4197f943838130666d3-NumberDToA-L828_L839,24,25,27,33,35,37,42,54,184,282,285,286,288,289,364,365,376,377,378,387,390,391,398,
errai-errai-d2edc4632373096f8d81c93f18cd874fa5501b90-JsTypeAntiInliningExtension-L94_L95,
EsotericSoftware-yamlbeans-763726d51c99824218051e485e1b44f7477456fa-ScalarAnalysis-L154_L163,
EsotericSoftware-yamlbeans-763726d51c99824218051e485e1b44f7477456fa-ScalarAnalysis-L88_L99,0,4,5,6,8,9,10,12,13,18,19,20,23,26,29,30,33,34,35,36,37,38,39,51,63,64,65,66,68,79,82,83,84,85,88,89,90,91,92,95,96,122,123,124,138,141,
EsotericSoftware-yamlbeans-763726d51c99824218051e485e1b44f7477456fa-YamlReader-L350_L359,6,7,8,11,19,22,33,
EXIficient-exificient-core-fce10c39fe654c9ae9660454ac6d6d2abc6a48ac-FidelityOptions-L395_L406,0,1,2,3,4,6,7,8,11,13,15,17,19,23,24,25,28,29,30,31,32,33,35,36,37,40,42,44,46,48,51,52,53,54,58,61,63,67,68,69,78,81,84,85,86,87,88,91,92,95,97,99,101,103,107,108,112,
EXIficient-exificient-core-fce10c39fe654c9ae9660454ac6d6d2abc6a48ac-FidelityOptions-L431_L442,0,1,2,3,4,5,6,7,8,11,13,15,17,19,23,24,25,28,29,30,31,32,33,34,35,36,37,40,42,44,46,48,51,52,53,54,58,61,63,67,69,84,85,86,87,88,89,91,92,95,97,99,101,103,107,108,109,112,
EXIficient-exificient-core-fce10c39fe654c9ae9660454ac6d6d2abc6a48ac-FidelityOptions-L460_L471,0,1,2,4,6,7,8,11,14,16,18,22,23,24,27,28,29,30,32,34,35,36,39,41,43,45,47,50,51,52,53,57,60,62,66,68,83,84,85,87,89,90,91,94,96,98,100,102,106,107,108,111,
EXIficient-exificient-core-fce10c39fe654c9ae9660454ac6d6d2abc6a48ac-FidelityOptions-L497_L508,0,1,2,4,6,7,8,11,13,15,17,19,23,24,25,28,29,30,31,33,35,36,37,40,42,44,46,48,51,52,53,54,58,61,63,67,69,84,85,86,88,90,91,92,95,97,99,101,103,107,108,109,112,
EXIficient-exificient-core-fce10c39fe654c9ae9660454ac6d6d2abc6a48ac-FidelityOptions-L592_L607,0,8,9,10,11,12,13,14,17,19,21,23,25,28,31,33,41,42,43,44,45,46,47,50,52,54,56,58,61,62,69,70,71,72,74,75,76,77,80,82,84,86,88,91,94,96,100,101,102,111,112,114,117,125,126,127,128,129,130,131,134,136,138,140,142,145,
EXIficient-exificient-core-fce10c39fe654c9ae9660454ac6d6d2abc6a48ac-FidelityOptions-L631_L642,0,8,9,10,11,12,13,14,17,19,21,23,25,28,29,36,37,38,39,41,42,43,44,47,49,51,53,55,58,61,63,67,68,69,78,79,81,84,92,93,94,95,96,97,98,101,103,105,107,109,112,
EXIficient-exificient-core-fce10c39fe654c9ae9660454ac6d6d2abc6a48ac-FidelityOptions-L660_L671,0,8,10,11,12,13,17,20,22,24,28,35,36,37,38,40,41,42,43,46,48,50,52,54,57,60,62,66,67,68,77,78,80,83,91,92,93,94,95,96,97,100,102,104,106,108,111,
EXIficient-exificient-core-fce10c39fe654c9ae9660454ac6d6d2abc6a48ac-FidelityOptions-L697_L708,0,8,9,10,11,12,13,14,17,19,21,23,25,28,29,36,37,38,39,41,42,43,44,47,49,51,53,55,58,61,63,67,68,69,78,79,81,84,92,93,94,95,96,97,98,101,103,105,107,109,112,
f4b6a3-uuid-creator-f9e6e6d02ecc8dac16a56e4fab1bd24caec8171c-TimeOrderedEpochFactory-L415_L416,0,1,2,4,8,9,10,11,12,13,14,15,16,17,18,19,20,21,22,23,24,28,
f4b6a3-uuid-creator-f9e6e6d02ecc8dac16a56e4fab1bd24caec8171c-TimeOrderedEpochFactory-L431_L434,4,6,10,12,13,14,15,16,17,18,19,20,21,22,23,24,
fabric8io-docker-maven-plugin-40371e754a6f3122af6d3019508c364627580935-AbstractDockerMojo-L496_L499,0,8,9,10,13,18,
finmath-finmath-lib-ad5d22e93e335cd88c95f8f2d7ba6336e3947e68-Black76Model-L334_L342,
finmath-finmath-lib-ad5d22e93e335cd88c95f8f2d7ba6336e3947e68-Black76Model-L351_L360,
finos-messageml-utils-8dc8971aee55c36fbc2bce55a5e62ef254cc2eb9-BiContext-L101_L104,0,4,7,12,30,46,
fizzed-jne-199d45bd8728807b61356fd1c0f17079b567ed60-JavaHomes-L211_L213,0,4,5,6,9,10,
forcedotcom-wsc-df588f1411b855687b9dfb5cfa69026e92ebb34e-MXParser-L1929_L1942,0,2,3,4,5,6,7,8,12,13,14,15,16,17,18,23,24,25,26,27,29,30,31,32,33,34,35,36,39,40,41,42,44,45,46,47,52,53,54,55,56,58,59,60,61,62,63,64,65,68,69,70,71,73,74,75,76,81,82,83,84,85,87,88,89,90,91,92,93,94,97,98,99,100,102,103,104,105,110,111,112,113,114,117,118,119,120,121,122,123,126,127,128,131,132,133,135,140,141,142,
forcedotcom-wsc-df588f1411b855687b9dfb5cfa69026e92ebb34e-MXParser-L1964_L1969,0,1,2,3,4,5,6,7,8,9,10,11,15,16,17,18,19,23,24,25,26,27,28,29,30,31,35,36,37,43,51,
fsantiag-sonar-clojure-8935e2291d21d57922006bab2f7fdd82d08e415e-EastwoodIssueParser-L23_L30,6,7,8,11,12,18,24,25,26,28,
gabrie-allaigre-sonar-gitlab-plugin-1a6b20737c0e034fed35f555442fa493c6268e9f-GitLabApiV3Wrapper-L251_L255,3,6,10,11,12,13,14,15,16,17,18,19,20,21,22,23,24,25,26,27,28,29,30,59,60,61,62,63,64,65,66,67,68,69,70,71,72,73,74,75,76,77,78,82,83,86,87,88,
gabrie-allaigre-sonar-gitlab-plugin-1a6b20737c0e034fed35f555442fa493c6268e9f-GitLabApiV4Wrapper-L257_L261,3,6,10,11,12,13,14,15,16,17,18,19,20,21,22,23,24,25,26,27,28,29,30,59,60,61,62,63,64,65,66,67,68,69,70,71,72,73,74,75,76,77,78,82,83,86,87,88,
george-haddad-cardme-2cdb02c627d103041288bc57f06b9deeb02f194a-VCardEngine-L2345_L2353,0,4,5,6,8,9,10,12,13,20,21,22,33,45,49,
googleapis-disco-to-proto3-converter-32cf5993853b1218e97e54c556f3922f49014eb8-DocumentToProtoConverter-L222_L226,3,4,5,10,13,
graphstream-gs-core-950b87280075f92a85b564b47ce6522ced5ba53a-StyleSheetParserTokenManager-L72_L96,0,1,2,3,4,5,6,11,13,14,17,20,21,25,30,49,52,53,64,108,119,120,121,129,133,144,156,157,158,159,161,162,163,164,165,170,171,172,173,174,175,176,177,180,191,192,193,194,195,201,202,203,204,205,206,215,219,222,227,231,253,254,294,296,317,318,319,322,323,324,326,345,346,348,349,351,352,353,354,356,360,361,362,363,364,365,366,367,370,380,384,385,387,388,394,396,402,404,407,409,438,453,490,491,495,506,508,509,510,511,512,513,514,518,519,520,521,522,523,524,525,528,538,542,543,545,546,552,556,557,559,560,
hageldave-ezFFTW-20d97041dfde6731bbfc02980cf2b581c62161ec-FFTTest-L209_L220,3,5,11,12,13,15,21,29,30,31,34,35,45,46,47,49,53,61,62,63,66,67,77,78,79,81,85,
Harium-keel-bb6a1cf5104d609399ddf9a803ae60d6caee7a3b-SingularValueDecomposition-L180_L188,0,1,2,3,4,5,6,7,8,17,18,19,20,21,23,24,36,37,38,39,43,44,45,46,57,58,59,60,62,66,67,68,69,70,72,75,76,77,78,79,80,81,82,83,88,89,90,
Harium-keel-bb6a1cf5104d609399ddf9a803ae60d6caee7a3b-SingularValueDecomposition-L243_L256,0,14,17,19,25,26,27,28,38,41,44,47,50,51,52,53,55,56,57,58,59,63,75,76,77,78,80,82,83,88,89,90,91,92,93,94,95,96,97,99,100,104,116,117,118,119,121,123,124,129,130,131,132,133,137,138,139,140,141,142,143,144,145,149,161,162,163,164,166,168,169,174,175,176,177,178,179,180,181,182,183,185,186,
HelixNetwork-pendulum-919ae1df7ca4359aad6b9a4575beb9d3ca4de8ef-SnapshotServiceImpl-L142_L142,0,1,2,3,4,9,10,11,12,18,
hermannpencole-nifi-config-e4a8a251bd01fd4026ac4fe6868791f4496ce882-ConnectionsUpdater-L102_L106,5,8,11,
hermannpencole-nifi-config-e4a8a251bd01fd4026ac4fe6868791f4496ce882-ConnectionsUpdater-L111_L115,5,8,11,
hermannpencole-nifi-config-e4a8a251bd01fd4026ac4fe6868791f4496ce882-ConnectionsUpdater-L122_L126,
heroku-heroku-jvm-application-deployer-ffd498f1a94853b30bc0275a6ef495f2ec3a11f7-Main-L110_L117,12,17,18,19,23,26,33,37,38,40,41,
hoijui-Jawk-33cfbc2bc14bc9c75fedccbe2963ef26b61543dc-AVM-L563_L584,6,7,8,9,15,19,20,21,22,29,33,34,35,36,42,46,47,48,49,55,59,60,61,62,68,74,78,
hoijui-Jawk-33cfbc2bc14bc9c75fedccbe2963ef26b61543dc-AVM-L849_L862,6,7,8,9,10,15,19,21,22,23,32,33,38,39,40,41,42,43,45,46,47,48,49,50,
hoijui-Jawk-33cfbc2bc14bc9c75fedccbe2963ef26b61543dc-AwkParser-L697_L710,0,2,3,4,8,9,10,13,14,15,17,18,22,23,24,28,29,31,32,33,36,37,38,39,40,44,45,46,48,49,52,53,54,55,56,60,63,64,68,73,74,78,
hummeling-if97-a508c11bea77ebc39d6bf8c7b21854947e07ca96-Region3-L1201_L1206,6,12,17,18,19,20,25,28,33,34,36,37,38,39,40,41,42,44,45,46,47,48,53,59,
hummeling-if97-a508c11bea77ebc39d6bf8c7b21854947e07ca96-Region3-L1209_L1216,3,4,5,6,10,11,12,13,14,15,19,24,25,26,27,28,29,30,31,32,33,34,35,36,37,38,39,40,41,42,43,44,45,46,47,48,49,50,51,52,53,54,55,56,57,58,60,63,64,65,66,69,
iamazy-elasticsearch-sql2-05a7743fb2bb70816f8255a7e7b3086374b15d8c-BinaryQueryParser-L29_L35,0,1,2,3,8,20,21,22,
iamazy-elasticsearch-sql2-05a7743fb2bb70816f8255a7e7b3086374b15d8c-BinaryQueryParser-L85_L89,3,16,17,18,21,
iamazy-elasticsearch-sql2-05a7743fb2bb70816f8255a7e7b3086374b15d8c-BinaryQueryParser-L99_L111,6,7,13,14,20,21,27,28,41,42,43,
IBlogLab-enhance-gateway-9b175549c6f9228096be92424c712e07686e9e4b-LoggingRecordResource-L169_L174,3,4,5,6,7,8,9,10,11,12,17,18,19,22,28,29,30,31,32,33,34,35,36,37,38,39,40,45,
iipc-jwarc-e4ff0fe435c378b68b482a3ca1502b70b33fe872-WarcFilterCompiler-L144_L154,
iotaledger-cliri-1f974cafb1c17d96ae7e0a6856f563dcf3794238-Node-L200_L208,35,36,
iotaledger-cliri-1f974cafb1c17d96ae7e0a6856f563dcf3794238-Node-L203_L207,20,21,
Isaac315-sql-translator-78f3fb0091c94563a640ef672de3e75e2b5c3bb2-OracleSQLDataTypeTransformUtil-L209_L216,4,6,8,10,21,22,23,42,
Isaac315-sql-translator-78f3fb0091c94563a640ef672de3e75e2b5c3bb2-OracleSQLDataTypeTransformUtil-L87_L97,0,1,2,3,4,5,7,8,13,14,15,18,20,21,22,23,24,25,26,27,28,32,33,34,35,36,39,41,42,43,44,45,46,47,48,49,53,54,55,56,57,60,62,63,64,65,66,71,72,73,74,75,78,79,80,81,82,85,90,93,
Isaac315-sql-translator-78f3fb0091c94563a640ef672de3e75e2b5c3bb2-OracleToMySqlFunctionTransform-L110_L119,3,4,5,9,12,13,14,15,23,25,29,32,33,34,43,
Isaac315-sql-translator-78f3fb0091c94563a640ef672de3e75e2b5c3bb2-OracleToMySqlFunctionTransform-L117_L117,3,
jahlborn-jackcess-22bf8a8642c84fc500f5c66ef59de1f7211f93a3-FormatUtil-L1091_L1092,3,4,5,7,12,
jahlborn-jackcess-22bf8a8642c84fc500f5c66ef59de1f7211f93a3-FormatUtil-L1099_L1102,3,4,5,7,12,13,14,18,
jai-imageio-jai-imageio-core-f81bc1ab19faa210ad289c6ae2588bc1157fd07a-BMPImageReader-L470_L492,0,2,3,4,5,6,7,8,12,13,14,26,27,29,30,31,32,33,34,35,36,39,40,41,42,43,47,56,57,59,60,61,62,63,64,65,66,69,70,71,72,73,77,86,87,89,90,91,92,93,94,95,96,99,100,101,102,103,107,116,117,119,120,121,125,126,127,128,129,131,132,135,144,145,147,148,151,160,161,171,174,176,177,178,179,180,181,182,183,186,187,188,189,190,194,203,204,207,208,209,210,211,212,213,216,217,218,220,224,233,234,236,237,238,242,243,244,246,248,249,252,261,263,265,266,269,278,281,290,
jai-imageio-jai-imageio-core-f81bc1ab19faa210ad289c6ae2588bc1157fd07a-BMPImageWriter-L679_L684,0,1,2,3,6,7,8,17,18,19,20,22,24,25,30,31,33,34,38,39,41,42,43,44,46,47,48,49,
jai-imageio-jai-imageio-core-f81bc1ab19faa210ad289c6ae2588bc1157fd07a-BMPMetadata-L1006_L1027,0,1,3,28,29,74,84,85,86,112,113,114,120,139,145,171,175,176,177,180,214,215,216,217,238,239,240,241,242,243,245,246,247,248,250,252,253,254,255,266,267,268,269,270,271,272,274,275,276,277,279,281,282,283,284,295,296,298,299,303,304,356,357,358,387,388,390,391,392,393,394,395,397,398,399,400,402,404,405,406,407,418,422,423,424,425,426,427,428,429,430,431,433,434,436,438,440,441,442,443,457,
jai-imageio-jai-imageio-core-f81bc1ab19faa210ad289c6ae2588bc1157fd07a-BMPMetadata-L952_L960,7,10,15,24,25,26,27,29,30,31,32,33,39,
jai-imageio-jai-imageio-core-f81bc1ab19faa210ad289c6ae2588bc1157fd07a-PNMImageReader-L427_L436,24,30,38,41,46,47,48,51,52,53,54,55,59,60,61,62,85,86,87,91,92,94,95,97,100,102,116,120,121,125,141,143,147,162,166,169,
jai-imageio-jai-imageio-core-f81bc1ab19faa210ad289c6ae2588bc1157fd07a-PNMImageReader-L463_L475,7,8,9,12,13,14,15,16,18,19,20,21,22,29,30,31,32,33,34,35,36,41,42,43,44,45,72,84,88,117,121,122,126,129,130,131,132,134,135,139,140,161,162,163,164,165,168,
jai-imageio-jai-imageio-core-f81bc1ab19faa210ad289c6ae2588bc1157fd07a-PNMImageWriter-L443_L454,2,3,4,6,7,11,12,13,25,26,27,28,30,32,34,38,39,40,42,47,48,49,52,56,
jai-imageio-jai-imageio-core-f81bc1ab19faa210ad289c6ae2588bc1157fd07a-RawRenderedImage-L312_L319,0,1,2,3,4,5,6,7,8,9,10,11,16,17,18,19,20,21,22,23,24,25,26,27,32,33,34,35,36,37,38,39,40,41,42,43,45,46,47,48,52,53,56,57,58,59,60,61,62,63,65,66,67,68,72,73,74,75,79,80,81,82,86,87,88,89,94,95,96,97,
jai-imageio-jai-imageio-core-f81bc1ab19faa210ad289c6ae2588bc1157fd07a-RawRenderedImage-L451_L464,0,1,2,3,7,8,9,10,23,24,25,26,28,33,34,35,36,37,38,39,40,41,42,46,47,50,51,52,53,55,60,61,62,63,64,65,66,67,68,69,
jai-imageio-jai-imageio-core-f81bc1ab19faa210ad289c6ae2588bc1157fd07a-RawRenderedImage-L537_L545,11,12,13,14,17,19,20,22,24,30,38,41,46,47,48,49,51,52,53,54,55,59,60,61,62,74,75,76,77,78,79,80,81,83,85,87,88,89,90,91,103,107,108,112,113,114,115,126,128,130,132,134,153,156,
jai-imageio-jai-imageio-core-f81bc1ab19faa210ad289c6ae2588bc1157fd07a-TIFFDecompressor-L1143_L1152,0,1,2,3,4,5,6,7,8,16,18,19,20,21,22,23,24,31,33,36,37,38,40,45,
jai-imageio-jai-imageio-core-f81bc1ab19faa210ad289c6ae2588bc1157fd07a-TIFFImageMetadata-L888_L905,2,8,9,11,17,18,20,21,23,34,44,54,61,66,
jai-imageio-jai-imageio-core-f81bc1ab19faa210ad289c6ae2588bc1157fd07a-TIFFImageWriter-L1762_L1767,14,15,16,17,19,20,21,22,23,31,33,38,
jai-imageio-jai-imageio-core-f81bc1ab19faa210ad289c6ae2588bc1157fd07a-TIFFImageWriter-L745_L750,11,12,13,14,16,18,20,27,28,29,32,33,
jano7-executor-afa9dd02560c69e26f4addcd5b68500c5e95241b-KeySequentialBoundedExecutorTest-L113_L117,8,
JeffLi1993-java-core-learning-example-09f71b5606eeec1c65afafa4b3c7eddcc4a96732-CountDownLatchT-L26_L34,3,5,21,
jenkins-infra-update-center2-5b1203f26470aa07d226974b599e53315a270a92-TieredUpdateSitesGenerator-L108_L113,
jessin20161124-miniDubboOpen-a02a5c2b393456861401b14057752fb22a7308ab-DubboInvoker-L56_L60,0,9,10,11,14,17,21,
jessin20161124-miniDubboOpen-a02a5c2b393456861401b14057752fb22a7308ab-FastjsonSerializer-L269_L270,7,
jessin20161124-miniDubboOpen-a02a5c2b393456861401b14057752fb22a7308ab-NettyServerHandler-L104_L111,0,9,10,11,14,17,20,21,24,
jetlang-remoting-505aadcc72f28bdf1796ce6fc5b490cece2e5375-JetlangTcpClient-L220_L225,0,4,5,6,9,15,16,19,
jetlang-remoting-505aadcc72f28bdf1796ce6fc5b490cece2e5375-JetlangTcpClient-L337_L338,2,6,
jfinal-jfinal-076e76a4941c989d7f535035295aa3d055123131-ProxyGenerator-L100_L110,12,13,19,21,24,25,29,
jhunters-jprotobuf-0e326bf8704027adc8af182e7cebc0e7a9c38e30-PrecompileTask-L164_L168,
jonatan-kazmierczak-class-visualizer-71015106c3316c02d366af71d9883c909d9ac772-GUIHandler-L35_L45,3,4,6,11,12,17,19,24,28,29,31,32,33,37,57,
joniles-mpxj-91540932b1db27a525f1ee9e9fb9d878acedfc74-MPPAssignmentField-L56_L59,0,1,2,3,4,7,9,11,12,22,30,35,
joniles-mpxj-91540932b1db27a525f1ee9e9fb9d878acedfc74-MPPProjectField-L52_L55,0,1,2,3,4,7,9,11,12,22,30,35,
joniles-mpxj-91540932b1db27a525f1ee9e9fb9d878acedfc74-MPPResourceField-L55_L58,0,1,2,3,4,7,9,11,12,22,30,35,
joniles-mpxj-91540932b1db27a525f1ee9e9fb9d878acedfc74-MPPTaskField-L55_L58,0,1,2,3,4,7,9,11,30,35,
jruby-jcodings-4eb6216f88f2b4ce80b555cc58e3f86e88b72c86-Transcoding-L231_L245,3,4,5,8,9,10,11,12,21,22,23,24,25,26,27,28,29,32,33,34,35,41,42,43,44,45,47,48,49,50,61,62,63,64,69,125,
jruby-joni-d4696c4f6dcdd1484895abae4b9b3c62874759e1-Lexer-L1178_L1183,5,7,8,9,13,14,15,19,22,23,24,25,26,27,28,
jruby-joni-d4696c4f6dcdd1484895abae4b9b3c62874759e1-Matcher-L341_L349,0,1,3,4,8,9,10,11,12,14,15,19,20,21,22,23,24,25,26,27,29,30,31,32,33,34,37,38,39,40,43,44,45,46,47,48,49,50,51,52,55,60,61,64,
jruby-joni-d4696c4f6dcdd1484895abae4b9b3c62874759e1-Matcher-L352_L362,0,1,2,3,4,8,10,23,24,25,26,27,28,29,30,36,38,39,40,41,42,50,51,55,58,
jruby-joni-d4696c4f6dcdd1484895abae4b9b3c62874759e1-Matcher-L434_L442,3,4,5,7,8,9,10,11,16,17,18,19,20,22,23,27,28,29,33,36,38,39,40,41,42,45,46,47,49,50,55,56,57,58,
jtidy-jtidy-aade7c5a6c1007d013859ac95378a2d469f5e254-Lexer-L2517_L2525,0,3,4,5,6,8,9,15,16,17,18,20,22,23,24,25,26,27,32,
jtidy-jtidy-aade7c5a6c1007d013859ac95378a2d469f5e254-PPrint-L737_L778,1,2,3,4,5,7,8,19,23,36,76,79,105,106,117,122,125,140,141,170,229,256,257,268,273,276,291,321,380,407,408,419,424,427,442,472,531,558,559,570,575,578,593,623,682,709,710,721,726,729,744,774,833,860,861,872,877,880,895,925,984,1011,1012,1023,1028,1031,1046,1076,1135,1162,1163,1174,1179,1182,1197,1227,1286,1313,1314,1325,1348,1378,1437,1464,1465,1476,1481,1484,1488,1499,1529,1588,1615,1616,1627,1632,1635,1639,1650,1680,1739,1766,1767,1778,1783,1786,1790,1801,1831,1890,1917,1918,1929,1952,1982,2041,2068,2069,2080,2085,2088,2092,2103,2133,2192,2219,2220,2231,2236,2238,2242,2253,2283,2342,2369,2370,2381,2402,2432,2491,2518,2519,2530,2551,2581,2640,2667,2668,2679,2690,2701,2731,2790,2817,2818,2829,2852,2882,2941,2968,2969,2980,2985,2988,2992,3003,3033,3092,3120,3121,3122,3123,3124,3125,3126,3127,3130,3133,3138,3139,3147,3149,3151,3156,3158,3168,3180,3192,3204,3216,3231,3232,3233,3234,3235,3236,3237,3238,3241,3244,
jtidy-jtidy-aade7c5a6c1007d013859ac95378a2d469f5e254-PPrint-L904_L912,3,12,13,14,27,29,34,35,48,50,
junichi11-netbeans-color-codes-preview-97a0262a3c15ab5842c43b68019e1e355ad7d3a8-ColorCodesPanel-L102_L108,5,6,11,12,13,17,19,23,
junichi11-netbeans-color-codes-preview-97a0262a3c15ab5842c43b68019e1e355ad7d3a8-HexCssColorCodesProvider-L121_L131,3,4,9,10,11,12,16,17,19,24,25,30,31,34,35,36,37,38,39,40,72,82,83,84,85,87,120,
keighrim-mae-annotation-a4bf15aaad14f80b4c6a076bd01c58f6e4d07000-FontHandler-L129_L132,
keighrim-mae-annotation-a4bf15aaad14f80b4c6a076bd01c58f6e4d07000-MaeAgreementGUI-L291_L295,
lastaflute-lastaflute-01201e2eee995053bf6f9febcf58ace01ed38c30-ActionFormMapper-L928_L935,4,5,6,7,14,23,24,25,26,27,29,40,41,43,
lastaflute-lastaflute-01201e2eee995053bf6f9febcf58ace01ed38c30-ActionValidator-L745_L745,0,35,85,
lastaflute-lastaflute-01201e2eee995053bf6f9febcf58ace01ed38c30-GodHandableAction-L418_L421,5,
lastaflute-lastaflute-01201e2eee995053bf6f9febcf58ace01ed38c30-JsonUnifiedTextReadingFilter-L45_L52,3,12,13,14,17,20,29,30,31,35,
lastaflute-lastaflute-01201e2eee995053bf6f9febcf58ace01ed38c30-MDCHook-L95_L98,3,12,13,17,18,
lastaflute-lastaflute-01201e2eee995053bf6f9febcf58ace01ed38c30-RequestLoggingFilter-L751_L754,5,7,11,14,17,
lastaflute-lastaflute-01201e2eee995053bf6f9febcf58ace01ed38c30-RestfulStructuredMethodVerifier-L423_L423,0,1,3,4,
lastaflute-lastaflute-01201e2eee995053bf6f9febcf58ace01ed38c30-SimpleAsyncManager-L733_L736,0,2,3,4,5,6,7,8,12,13,14,17,21,35,
leonhad-paradoxdriver-de3a6ad18b6c7f1d461383876339dc8086beaead-ConnectionInfo-L507_L508,3,8,9,10,11,14,16,17,
leonhad-paradoxdriver-de3a6ad18b6c7f1d461383876339dc8086beaead-FunctionNode-L105_L109,3,4,8,
leonhad-paradoxdriver-de3a6ad18b6c7f1d461383876339dc8086beaead-SelectPlan-L292_L298,14,
lettuce-io-lettuce-core-761d60247159662ce1db8bc20318bc4b573bc010-LettuceExtension-L220_L228,6,7,
lettuce-io-lettuce-core-761d60247159662ce1db8bc20318bc4b573bc010-RedisChannelHandler-L183_L190,6,15,16,17,20,
lettuce-io-lettuce-core-761d60247159662ce1db8bc20318bc4b573bc010-RedisClusterClient-L1016_L1024,42,
lettuce-io-lettuce-core-761d60247159662ce1db8bc20318bc4b573bc010-RedisClusterClient-L997_L1004,0,9,10,11,20,
lettuce-io-lettuce-core-761d60247159662ce1db8bc20318bc4b573bc010-RedisURI-L926_L930,3,4,5,8,9,
lettuce-io-lettuce-core-761d60247159662ce1db8bc20318bc4b573bc010-StatefulRedisConnectionImpl-L189_L191,0,9,10,11,14,
lettuce-io-lettuce-core-761d60247159662ce1db8bc20318bc4b573bc010-StatefulRedisConnectionImpl-L220_L225,2,4,5,6,10,19,20,21,24,
loehndorf-scengen-5e11067f76f5631a31b75f823cd3666a769b098f-Generator-L186_L195,11,12,13,14,16,17,18,19,20,32,33,34,35,37,38,39,40,41,45,46,47,48,49,50,51,52,55,56,60,61,62,63,64,65,66,67,68,69,70,71,72,73,75,76,77,78,79,80,81,93,108,109,110,111,112,114,123,129,130,131,132,134,135,136,137,139,140,141,142,143,144,145,
logpresso-CVE-2021-44228-Scanner-35c37dd6941d6b77d103229302cadd473b97a816-Configuration-L348_L364,0,1,2,3,4,5,6,7,9,10,11,12,16,17,18,19,20,21,22,23,24,25,26,33,35,37,41,42,43,44,45,46,47,48,49,52,56,60,62,71,75,77,86,95,98,101,106,
lzgabel-camunda-cloud-bpmn-converter-5a301723aa17c90a090c235f91d5491a1f7c249f-IntermediateCatchEventProcessor-L48_L61,14,15,27,30,34,
magdel-MapNav-97c4f93f02a56aa1ce2b2ffc8d0cd41ed150e9b3-MapCanvas-L5412_L5414,0,3,6,9,12,13,14,15,17,20,21,23,24,25,26,27,31,32,33,34,36,38,39,42,43,44,45,46,49,
magdel-MapNav-97c4f93f02a56aa1ce2b2ffc8d0cd41ed150e9b3-MapForms-L1022_L1049,8,9,11,13,14,15,16,17,21,23,24,30,31,33,34,36,41,42,46,49,52,53,54,55,56,73,74,75,76,77,78,79,80,81,82,83,84,85,91,93,97,99,101,103,105,107,110,111,112,113,114,115,116,117,118,119,120,121,122,128,130,132,134,136,138,140,142,144,146,149,152,153,
mangstadt-biweekly-5baf97e7f64d1daf0c4f6277b3600021be28303e-RecurrenceIteratorFactory-L232_L233,1,2,3,4,5,6,7,8,9,10,11,13,14,15,16,17,18,19,21,27,31,32,33,34,35,36,37,38,39,45,46,
MarkShen1992-Mashibing_High_Concurrency-f408144caf72de0391f6e271eec6b92021ab1ca4-TicketSeller2-L26_L34,0,1,2,3,5,6,7,8,11,13,39,40,41,42,43,46,
MarkShen1992-Mashibing_High_Concurrency-f408144caf72de0391f6e271eec6b92021ab1ca4-TicketSeller4-L26_L33,8,16,17,18,30,
maven-nar-nar-maven-plugin-e747b5ee080b243e0b817f722a43c9c203bb4df8-Linker-L408_L417,28,43,44,45,50,51,52,56,
maven-nar-nar-maven-plugin-e747b5ee080b243e0b817f722a43c9c203bb4df8-Linker-L430_L442,6,7,8,13,17,22,23,24,25,29,32,34,40,44,
maven-nar-nar-maven-plugin-e747b5ee080b243e0b817f722a43c9c203bb4df8-NarCompileMojo-L352_L362,23,24,25,28,29,31,32,
maven-nar-nar-maven-plugin-e747b5ee080b243e0b817f722a43c9c203bb4df8-NarIntegrationTestMojo-L708_L718,2,3,13,16,17,18,19,20,21,22,24,25,26,27,28,29,30,31,32,33,34,36,39,40,41,42,45,46,55,56,57,59,
maven-nar-nar-maven-plugin-e747b5ee080b243e0b817f722a43c9c203bb4df8-NarIntegrationTestMojo-L952_L955,3,6,8,22,44,45,46,47,49,63,
meteoinfo-wContour-dade1e866bf3d3eab56bd09f2b1dcdac5c1ee6f6-Contour-L118_L138,0,2,3,4,5,6,8,10,12,13,14,15,16,17,18,53,54,58,62,64,69,70,73,77,79,100,124,148,171,181,182,193,194,197,198,201,202,205,206,209,210,213,214,217,218,219,260,261,262,328,329,330,331,332,403,413,414,416,418,420,423,426,634,1064,1065,1067,1069,1071,
meteoinfo-wContour-dade1e866bf3d3eab56bd09f2b1dcdac5c1ee6f6-Contour-L1699_L1708,0,1,2,3,4,5,6,11,13,14,15,18,20,23,25,28,30,34,35,36,41,43,44,47,51,55,60,63,64,65,66,71,74,75,78,80,83,85,88,94,95,96,97,98,99,100,106,107,108,109,110,115,116,117,118,119,120,121,124,125,126,129,130,131,134,135,136,139,140,142,173,181,182,183,232,252,253,254,255,257,290,312,327,328,330,333,336,340,341,342,343,347,349,351,353,355,357,359,361,363,369,370,374,375,377,380,383,387,388,389,390,391,393,395,397,399,401,403,405,407,409,412,
meteoinfo-wContour-dade1e866bf3d3eab56bd09f2b1dcdac5c1ee6f6-Contour-L1710_L1725,0,1,2,3,4,5,6,7,12,14,15,16,19,21,24,26,29,31,35,36,37,38,39,40,41,42,46,48,49,50,53,55,58,60,63,65,72,78,79,87,95,96,97,98,102,103,104,108,112,116,120,121,122,123,128,129,130,131,132,133,134,135,137,141,145,149,153,156,157,184,192,193,194,212,213,214,215,221,242,250,251,253,261,262,263,265,266,267,270,271,274,275,278,279,282,283,287,288,319,327,328,329,372,392,393,394,397,432,458,469,470,472,475,478,482,483,484,485,486,489,491,493,495,497,499,501,503,505,508,511,512,513,514,515,516,520,522,523,525,527,529,531,533,535,538,540,543,545,548,551,555,560,561,565,566,568,571,574,578,579,580,581,582,585,587,589,591,593,595,597,599,601,604,
meteoinfo-wContour-dade1e866bf3d3eab56bd09f2b1dcdac5c1ee6f6-Contour-L238_L255,0,1,2,3,4,5,6,7,9,11,13,17,18,19,27,31,37,38,39,40,42,43,45,47,49,60,64,76,80,99,104,105,112,113,114,115,116,117,118,122,123,124,126,127,129,130,132,133,137,138,139,140,141,142,143,147,148,149,151,152,154,155,157,158,173,178,179,186,187,188,189,192,193,195,210,211,212,213,216,217,218,219,220,221,224,225,226,227,228,229,232,233,234,235,236,237,240,241,242,243,244,245,248,249,250,251,252,253,256,257,258,259,260,261,264,349,350,351,459,460,461,511,512,513,514,567,575,576,577,578,579,582,585,586,587,588,589,590,593,598,599,600,601,602,603,
meteoinfo-wContour-dade1e866bf3d3eab56bd09f2b1dcdac5c1ee6f6-Contour-L3109_L3123,19,21,22,23,24,25,26,27,31,32,33,36,39,40,41,42,43,45,46,47,48,51,52,53,55,56,59,60,61,62,63,64,65,67,68,72,73,74,75,76,77,78,79,81,85,86,87,90,91,92,95,96,97,98,99,100,101,102,103,106,
meteoinfo-wContour-dade1e866bf3d3eab56bd09f2b1dcdac5c1ee6f6-Contour-L4177_L4190,2,9,10,11,12,13,14,15,16,17,18,21,24,27,36,37,39,40,41,42,43,45,48,51,55,117,118,119,120,163,164,165,168,170,171,172,174,176,178,180,181,237,238,239,240,284,285,286,287,288,289,290,291,292,293,294,296,299,300,301,
mimno-Mallet-ff204eb8aa7f414e779f37843fb68b3e1fdc7015-SVD-L161_L168,0,1,2,3,10,19,20,21,22,24,28,29,30,31,32,33,34,35,36,37,39,42,46,47,49,50,53,64,67,
mimno-Mallet-ff204eb8aa7f414e779f37843fb68b3e1fdc7015-SVD-L415_L417,1,2,4,6,8,9,10,11,12,14,17,18,23,25,50,51,52,53,59,60,
mimno-Mallet-ff204eb8aa7f414e779f37843fb68b3e1fdc7015-SVD-L69_L78,0,1,2,3,19,20,21,22,24,28,29,30,31,33,34,35,37,39,48,59,62,
mjsalerno-UnoBot-4ee2ef9abe11a299a434f9ea998b6dddd8a4b0aa-UnoBot-L576_L587,0,1,2,3,4,5,6,7,8,9,10,11,12,13,16,38,57,58,59,60,62,85,88,89,90,91,92,93,94,95,96,97,98,99,100,101,102,103,106,128,147,148,149,150,152,175,178,179,180,181,182,183,184,185,186,187,188,189,190,191,194,216,235,236,237,238,240,263,266,267,268,269,270,271,272,273,274,275,276,277,278,279,280,281,284,306,325,326,327,328,330,353,
mojohaus-license-maven-plugin-b9ec9b85e32fa978b8bdd9aee018b0bf94a518fe-CalcFileWriter-L608_L620,8,17,26,
mojohaus-license-maven-plugin-b9ec9b85e32fa978b8bdd9aee018b0bf94a518fe-ExcelFileWriter-L483_L495,8,17,26,
monkeymq-jgossip-4bfc8e791381f70d62ea4ad6d8ae952da840dd0d-UDPMsgService-L97_L101,3,4,5,12,13,
mvel-mvel-236d37bc78a158553592afedbbf1aa27815efb78-ASMAccessorOptimizer-L1212_L1220,
mvel-mvel-236d37bc78a158553592afedbbf1aa27815efb78-ASMAccessorOptimizer-L1833_L1842,10,13,15,17,21,29,30,31,33,41,42,44,57,
mvel-mvel-236d37bc78a158553592afedbbf1aa27815efb78-ASMAccessorOptimizer-L1991_L1996,2,4,16,17,18,19,21,28,29,30,31,32,33,34,35,36,39,41,42,43,47,49,50,
narupley-not-going-to-be-commons-ssl-346bb4e8481316687a643219800a398ecd8f62a8-PKCS8Key-L659_L695,2,3,10,11,12,14,20,22,26,27,28,29,30,31,32,36,41,47,48,49,50,51,52,53,54,55,59,60,62,68,69,72,73,75,83,84,87,88,90,98,99,102,103,105,106,113,114,117,128,132,134,143,145,162,165,181,209,
Neop-mudmap2-070650853bc37663525f0d62fb54a029e364eafd-WorldFileJSON-L347_L362,2,9,11,16,51,70,71,72,73,75,107,108,109,110,121,122,123,124,126,127,128,129,130,134,135,136,137,139,140,141,142,146,147,148,149,150,152,155,158,163,
nothingax-micro-DB-1bbae368f7670f94130606fa65bcbc8ccbb89b98-Aggregate-L74_L81,0,8,9,10,36,46,
OpenLiberty-ci.common-b48d061d33b28b6dd5d48f52f25e032e3fc45614-DevUtil-L4311_L4320,0,3,5,44,48,65,70,116,121,202,203,210,211,212,231,
openskynetwork-java-adsb-7d73726841d98357da360ea631bbe12d3def86cc-ModeSDecoder-L146_L152,23,33,57,178,180,
OWASP-json-sanitizer-fc612ab374de73d03864d56fb87b6a103b234489-JsonSanitizer-L342_L350,3,4,10,16,17,18,19,21,24,25,33,34,35,36,37,38,39,40,41,42,43,46,71,84,85,110,111,112,113,116,117,118,119,130,131,161,162,163,180,181,208,212,213,214,215,216,217,218,219,223,226,227,
OWASP-json-sanitizer-fc612ab374de73d03864d56fb87b6a103b234489-JsonSanitizer-L353_L362,3,8,9,11,21,22,24,30,36,37,38,39,40,41,42,43,44,45,46,48,53,55,56,59,60,63,65,66,67,68,69,70,71,72,73,75,76,77,79,80,81,82,86,87,88,89,90,91,92,93,94,95,96,100,104,
package-url-packageurl-java-47351deccffb9394df42b913f59ffc00741af0b6-PackageURL-L419_L422,3,7,11,15,
PawelGorny-lostword-8e66ab8737a5119a21cef6c948ae7b48f00fdb91-WorkerKnownPosition-L88_L102,
PawelGorny-lostword-8e66ab8737a5119a21cef6c948ae7b48f00fdb91-WorkerPool-L77_L91,
PawelGorny-lostword-8e66ab8737a5119a21cef6c948ae7b48f00fdb91-WorkerPrintSeeds-L97_L111,
peterbencze-serritor-158939359c0b0608686afd34bba582c9157dd362-WebDriverFactory-L96_L104,4,6,9,10,13,14,15,16,17,31,34,35,36,37,38,52,55,59,
PeterisP-morphology-1195adb7bb994292e5b06f2b20f4feb6191ca951-Mijas-L767_L774,4,5,6,7,9,10,11,12,14,15,16,17,22,41,42,43,44,46,47,48,49,51,52,53,54,59,70,79,80,81,82,84,85,86,87,89,90,91,92,97,108,117,118,119,120,122,123,124,125,127,128,129,130,135,146,266,267,268,269,271,272,273,275,276,277,278,281,290,
pfmiles-min-velocity-4e8ec4f64681c1d6941bf8d90a51849e87b86cf5-ParserTokenManager-L4456_L4460,5,10,11,51,55,63,78,81,84,87,90,91,106,107,109,111,115,119,
pingcap-tidb-loadbalance-b1d62a4561fee7c525ae4c640a10f55c4702755b-StringInspector-L418_L424,1,3,5,6,7,8,9,11,12,13,15,18,20,21,24,27,28,29,32,33,34,35,36,37,38,39,46,78,90,91,92,93,95,132,135,137,139,141,143,144,145,147,149,151,154,156,157,160,161,162,163,166,167,168,169,170,171,172,173,174,175,176,177,178,179,180,181,182,183,184,186,187,189,190,192,193,196,
pingcap-tidb-loadbalance-b1d62a4561fee7c525ae4c640a10f55c4702755b-StringInspector-L453_L463,8,9,10,11,13,17,18,19,20,21,22,23,24,25,26,27,28,29,30,31,32,34,35,36,37,42,43,44,45,46,47,48,49,50,51,83,116,117,118,119,121,156,157,161,162,164,165,169,170,171,172,173,174,175,176,179,180,181,182,184,192,193,194,195,196,197,198,200,201,202,203,206,
PlayPen-playpen-core-dd867086481d93a439cb0270eaa7272bacf75493-FileProcessListener-L40_L45,5,8,11,
PlayPen-playpen-core-dd867086481d93a439cb0270eaa7272bacf75493-FileProcessListener-L54_L59,5,8,11,
PlayPen-playpen-core-dd867086481d93a439cb0270eaa7272bacf75493-Network-L376_L383,25,27,44,45,46,51,53,54,
pvto-konte-art-03c969d8fd62ba3c7175a840e6a785049183f4b6-ExpressionParser-L173_L189,0,1,2,3,5,6,7,8,9,10,11,12,13,14,36,37,127,133,330,331,332,335,337,338,483,511,516,517,531,534,535,536,537,538,539,542,545,548,
ripreal-V8LogScanner-3789156a0ab07c4b2cdd91e8165ca733ecc01905-CmdAddGroupBy-L26_L28,33,
ripreal-V8LogScanner-3789156a0ab07c4b2cdd91e8165ca733ecc01905-LogBuilder-L656_L663,26,
ripreal-V8LogScanner-3789156a0ab07c4b2cdd91e8165ca733ecc01905-LogBuilder-L667_L673,17,
rythmengine-rythmengine-3439bd728c8e95927cea9146b5d6b59a30c3c516-Time-L1019_L1024,0,4,6,7,8,9,10,12,13,17,18,19,20,21,22,23,24,27,30,34,35,37,38,40,41,42,43,44,45,47,48,49,73,88,89,90,91,93,114,115,116,117,120,
rythmengine-rythmengine-3439bd728c8e95927cea9146b5d6b59a30c3c516-Time-L1026_L1031,0,4,6,7,8,9,10,12,13,17,18,19,20,21,22,23,24,27,30,34,35,37,38,40,41,42,43,44,45,47,48,49,73,88,89,90,91,93,114,115,116,117,120,
rythmengine-rythmengine-3439bd728c8e95927cea9146b5d6b59a30c3c516-Time-L1033_L1038,0,4,6,7,8,9,10,12,13,17,18,19,20,21,22,23,24,27,30,34,35,37,38,40,41,42,43,44,45,47,48,49,73,88,89,90,91,93,114,115,116,117,120,
rythmengine-rythmengine-3439bd728c8e95927cea9146b5d6b59a30c3c516-Time-L600_L610,3,4,5,6,7,8,9,10,11,12,15,18,19,20,21,22,23,24,25,26,27,28,29,30,31,32,33,34,35,36,37,38,78,96,97,98,99,101,140,
rythmengine-rythmengine-3439bd728c8e95927cea9146b5d6b59a30c3c516-Time-L972_L998,0,1,4,5,6,7,8,9,10,30,46,47,48,49,51,68,70,71,73,74,75,76,78,81,83,84,85,86,89,90,92,93,94,95,96,99,101,102,103,132,187,208,209,210,216,243,294,296,297,298,301,302,303,304,305,306,308,309,312,313,314,316,317,319,321,322,323,324,327,328,330,332,333,334,339,340,342,370,446,447,448,481,529,531,532,533,536,537,538,539,540,541,542,545,546,547,548,551,552,553,554,556,559,561,562,563,564,566,567,568,570,571,572,573,574,577,579,580,581,582,613,693,714,715,716,722,751,804,806,807,808,811,812,813,814,815,816,818,819,821,822,823,824,826,829,831,832,833,834,836,837,838,840,841,842,843,844,847,849,850,851,880,935,956,957,958,964,991,1039,1042,1043,1046,1047,1048,1050,1051,1052,1055,1056,1057,1058,1061,1063,1064,1065,1066,1069,1071,1072,1073,1074,1076,1077,1078,1080,1081,1082,1083,1084,1087,1089,1090,1091,1092,1123,1202,1223,1224,1225,1231,1260,
Sayi-swagger-diff-e6abc1483ec90859aeba9d9ad4e7fd0368352d47-ModelDiff-L130_L133,3,5,6,7,8,
sbesada-java.math.expression.parser-cc92f58f6074b21cf6f5d4056b7f7cc5168f50af-ComplexFunction-L102_L107,3,4,5,6,7,8,9,10,15,16,17,18,22,26,27,28,29,30,31,34,37,40,
sbesada-java.math.numerical.library-a2f18eda6de69c937183771d3b1f268e606a8871-FunctionX-L321_L326,0,1,2,3,4,5,7,8,10,11,12,13,17,18,19,23,26,27,28,29,32,34,35,59,70,71,72,73,75,100,
sbesada-java.math.numerical.library-a2f18eda6de69c937183771d3b1f268e606a8871-FunctionXs-L414_L425,0,2,3,4,5,6,7,8,12,13,14,18,19,20,22,28,30,34,35,36,40,41,42,45,46,50,51,52,55,56,60,
seansegal-tincisnotcatan-f7d098c51037cb586147c1bbd5b18c2239df7b32-PlaceInitialSettlement-L90_L97,7,11,15,18,39,41,63,67,92,114,123,124,125,128,
smola-galimatias-0771a10ef5021181fc172b95ac39e9f4c7ada2e8-URLParser-L472_L479,11,12,18,20,21,22,25,28,29,32,
sorra-TraceSonar-53ece361e0e14027d803ecbeb9f3fea76f7176ff-Traceback-L49_L55,11,15,16,17,20,24,30,
SpringStudent-GyJdbc-0ca78eb623487f137d94eb719a94464d2d0cbbe8-SQL-L108_L114,3,12,13,14,17,20,21,25,30,
spullara-java-future-jdk8-5925719802af19ccc6602651fc243b2ff3726b4b-CompletableFutureTest-L356_L364,0,8,9,10,13,14,15,17,18,22,23,24,27,32,33,36,
sranka-jdbcimage-4b16de3a349a30e5d69633a0fea6e08d486392b9-MainToolBase-L387_L390,2,5,8,11,
sranka-jdbcimage-4b16de3a349a30e5d69633a0fea6e08d486392b9-MultiTableConcurrentImport-L39_L44,2,4,5,6,11,14,15,18,19,22,
StarlangSoftware-Corpus-c0b50a746e5179df1b236273bcf1ec6d1cc988c7-SentenceSplitter-L319_L362,14,17,20,32,36,56,59,62,64,66,84,88,91,103,106,109,121,125,128,140,143,146,158,162,177,180,183,195,199,214,217,220,232,236,242,243,244,246,247,248,249,252,260,261,262,264,265,266,267,270,
StarlangSoftware-TurkishMorphologicalAnalysis-26450b47db92b64580a2bfa4a0d7d0bce38edd49-FsmMorphologicalAnalyzer-L419_L434,0,1,2,3,5,6,7,8,9,20,21,23,25,26,27,28,29,30,31,32,33,36,38,41,49,50,51,52,54,55,56,57,58,59,60,61,62,65,67,70,78,79,80,81,83,84,85,86,87,88,89,90,91,94,96,99,107,108,109,110,112,113,114,115,116,117,118,119,120,123,125,128,132,133,134,135,137,138,139,140,141,142,143,144,147,149,
StarlangSoftware-TurkishMorphologicalAnalysis-26450b47db92b64580a2bfa4a0d7d0bce38edd49-FsmMorphologicalAnalyzer-L494_L502,0,4,5,6,17,24,25,29,30,31,34,40,43,
StarlangSoftware-TurkishMorphologicalAnalysis-26450b47db92b64580a2bfa4a0d7d0bce38edd49-FsmParse-L615_L623,0,1,2,3,4,5,6,7,8,11,13,131,177,178,179,180,182,303,304,305,306,309,310,313,314,315,316,317,318,319,320,321,322,323,326,328,450,493,494,495,496,498,623,624,625,626,629,630,633,634,639,640,641,642,645,646,
StarlangSoftware-TurkishMorphologicalAnalysis-26450b47db92b64580a2bfa4a0d7d0bce38edd49-FsmParse-L631_L637,0,1,2,3,6,8,9,10,15,16,17,18,21,22,25,26,27,28,29,30,33,35,36,37,42,43,44,45,48,49,
StarlangSoftware-TurkishMorphologicalAnalysis-26450b47db92b64580a2bfa4a0d7d0bce38edd49-Transition-L317_L330,10,11,12,13,15,16,17,18,19,20,21,22,23,27,30,38,39,40,41,43,44,45,46,47,48,49,50,51,55,58,66,67,68,69,71,72,73,74,75,76,77,78,79,83,
StarlangSoftware-TurkishMorphologicalDisambiguation-bf8dbc2cd835c67178eb896939ad1009b6743486-AutoDisambiguator-L275_L281,15,16,17,18,22,23,24,27,28,33,
StaticBeagle-ETK4J-393c622d01b9abfcead5c9c0973b4557173502e2-Bessel-L297_L300,0,1,3,15,16,17,18,20,21,23,24,26,27,28,36,42,43,44,45,
StaticBeagle-ETK4J-393c622d01b9abfcead5c9c0973b4557173502e2-EigenvalueDecomposition-L520_L532,8,9,10,12,13,14,15,17,19,20,21,22,26,27,28,31,32,33,34,37,38,39,40,41,42,43,44,46,47,48,49,50,51,52,53,55,56,57,58,61,62,63,64,65,66,67,68,69,70,71,72,73,75,77,88,89,90,91,92,97,98,99,100,101,105,106,107,110,111,112,113,116,117,118,119,120,121,122,123,125,126,127,128,129,130,131,132,134,135,136,137,140,141,142,143,144,145,146,147,148,149,150,151,152,154,156,
StaticBeagle-ETK4J-393c622d01b9abfcead5c9c0973b4557173502e2-EigenvalueDecomposition-L570_L576,25,40,41,42,43,44,45,46,47,48,49,50,51,52,53,54,59,60,61,62,63,64,65,66,67,68,69,70,71,74,75,76,77,78,79,80,81,82,83,90,91,95,96,97,98,99,100,101,102,103,104,105,106,108,115,
STEMLab-JIneditor-ccca7bec12fe58583d25da0d13ae038b27d34424-CanvasPanel-L401_L417,0,1,3,4,8,9,10,11,23,24,25,36,37,41,52,53,59,65,66,67,68,71,81,82,86,92,98,
streamx-co-ExTree-2cb6b78c0eb4dc25fa81f582641b5464779a93fa-ExpressionMethodVisitor-L435_L437,0,1,3,4,7,10,13,14,17,18,21,22,29,30,31,32,33,34,35,
streamx-co-FluentJPA-064ce0b468b63fa07aecb0cfc2d352108af1cb40-DSLInterpreter-L564_L564,0,
streamx-co-FluentJPA-064ce0b468b63fa07aecb0cfc2d352108af1cb40-DSLInterpreter-L566_L574,0,5,6,7,8,16,18,19,20,21,22,23,24,28,29,30,34,35,36,37,39,40,41,42,54,55,
streamx-co-FluentJPA-064ce0b468b63fa07aecb0cfc2d352108af1cb40-DSLInterpreter-L667_L668,0,1,2,3,
streamx-co-FluentJPA-064ce0b468b63fa07aecb0cfc2d352108af1cb40-DSLInterpreter-L746_L753,25,51,
stupid1t-poi-excel-7f1834f1e0fa91bed24591ee43e89d95ec39de98-PoiResult-L80_L88,12,13,20,21,22,23,24,25,28,29,30,31,32,33,36,37,38,39,40,70,81,82,83,84,86,113,114,
sylvainlaurent-swagger-validator-maven-plugin-980ad67cf33eb53ba27d44738bb8fe3aac3dba01-MimeTypeValidator-L75_L79,3,
Thare-Lam-fast-elasticsearch-query-builder-bc6e2adf8333363929e68f3c8dc459c320101aef-AggregationHelper-L43_L54,8,14,20,26,
TheHolyWaffle-TeamSpeak-3-Java-API-decd7c8bda74246ac9c0f704599cb4c272ba6181-CommandFuture-L792_L796,2,3,6,7,8,9,10,11,15,16,20,
ThreeTen-threetenbp-bdf97bf72f4e5af7ae3c3af1ea8e3407c1451341-DateTimeFormatterBuilder-L1397_L1403,2,4,8,12,18,20,30,41,173,174,176,266,269,278,281,282,283,284,285,286,288,289,328,329,352,387,391,392,393,394,398,
ThreeTen-threetenbp-bdf97bf72f4e5af7ae3c3af1ea8e3407c1451341-DateTimeFormatterBuilder-L1476_L1485,8,20,21,22,23,25,48,51,52,53,54,56,62,63,126,127,171,172,174,177,178,182,184,
tommyettinger-RegExodus-48a8167a5dc1e381fc741fabd425965a22aa1503-CharacterClass-L507_L519,0,1,2,3,18,22,23,24,25,26,27,28,29,30,35,40,41,42,49,99,100,101,102,141,142,143,144,145,146,147,148,149,152,153,154,155,156,157,158,159,161,163,169,170,171,172,173,174,182,183,184,185,186,187,188,189,191,193,194,203,204,205,206,207,208,209,210,211,214,217,218,220,223,
tommyettinger-RegExodus-48a8167a5dc1e381fc741fabd425965a22aa1503-CharacterClass-L551_L564,18,22,24,26,27,29,30,35,40,42,49,99,100,101,102,141,142,143,144,145,146,147,148,149,152,153,154,155,156,157,158,159,161,163,169,170,173,174,182,184,218,220,223,228,
tommyettinger-RegExodus-48a8167a5dc1e381fc741fabd425965a22aa1503-Matcher-L1423_L1427,0,1,2,3,5,6,7,8,12,13,15,16,23,24,25,26,44,101,
tommyettinger-RegExodus-48a8167a5dc1e381fc741fabd425965a22aa1503-Term-L1129_L1141,0,1,2,3,7,8,9,10,23,27,28,29,30,31,34,35,40,45,46,47,100,101,138,139,140,141,142,143,144,145,146,149,150,151,152,153,154,155,156,158,160,166,167,170,171,179,181,215,217,220,
tommyettinger-RegExodus-48a8167a5dc1e381fc741fabd425965a22aa1503-Term-L1146_L1159,0,1,2,3,7,8,9,10,23,27,29,31,34,35,40,45,47,100,101,138,139,140,141,142,143,144,145,146,149,150,151,152,153,154,155,156,158,160,166,167,170,171,179,181,215,217,220,
tommyettinger-RegExodus-48a8167a5dc1e381fc741fabd425965a22aa1503-Term-L1242_L1246,0,1,2,5,12,14,16,19,20,21,22,24,26,30,35,37,44,45,48,86,97,98,99,121,122,126,161,167,168,169,170,171,172,173,175,176,177,178,180,181,182,183,185,187,191,200,201,203,
tommyettinger-RegExodus-48a8167a5dc1e381fc741fabd425965a22aa1503-Term-L1462_L1464,2,4,8,11,12,14,
tommyettinger-RegExodus-48a8167a5dc1e381fc741fabd425965a22aa1503-Term-L1474_L1476,2,4,8,11,12,14,
tommyettinger-RegExodus-48a8167a5dc1e381fc741fabd425965a22aa1503-Term-L1618_L1626,2,4,8,13,16,17,19,20,29,30,31,34,36,40,43,44,46,
tommyettinger-RegExodus-48a8167a5dc1e381fc741fabd425965a22aa1503-Term-L1633_L1635,2,4,8,11,12,14,
tommyettinger-RegExodus-48a8167a5dc1e381fc741fabd425965a22aa1503-Term-L1650_L1653,2,4,5,16,17,20,22,23,26,27,29,
tommyettinger-RegExodus-48a8167a5dc1e381fc741fabd425965a22aa1503-Term-L1841_L1850,8,9,10,11,13,25,28,29,31,37,38,41,43,45,47,48,50,51,52,53,54,56,59,61,62,63,65,66,116,117,118,119,170,
tommyettinger-RegExodus-48a8167a5dc1e381fc741fabd425965a22aa1503-Term-L1895_L1912,0,1,2,3,4,5,6,7,8,34,36,40,49,50,51,58,65,78,79,81,82,87,89,90,97,98,99,102,108,115,117,148,149,150,157,159,162,165,
tommyettinger-RegExodus-48a8167a5dc1e381fc741fabd425965a22aa1503-Term-L1975_L2002,109,110,111,118,121,138,143,145,146,
tommyettinger-RegExodus-48a8167a5dc1e381fc741fabd425965a22aa1503-Term-L521_L539,0,3,69,70,112,115,116,117,120,125,127,128,135,138,179,181,
tud-fop-j-Algo-f59fbbd9ccc3f41d6866fda44324622e2b47eef2-C00Parser-L2611_L2627,2,5,8,11,14,18,19,21,22,24,25,28,31,34,37,41,42,43,45,47,49,51,53,57,58,60,61,63,64,65,66,68,70,71,76,81,86,91,92,116,129,130,131,132,133,137,153,155,157,159,161,164,167,169,170,171,172,174,175,176,177,181,182,183,186,189,218,
tud-fop-j-Algo-f59fbbd9ccc3f41d6866fda44324622e2b47eef2-C00Parser-L3663_L3671,0,1,3,5,7,12,13,17,
tud-fop-j-Algo-f59fbbd9ccc3f41d6866fda44324622e2b47eef2-C00Parser-L4496_L4505,1,2,3,6,8,12,14,61,
tvesalainen-bcc-8bfbb307418a422d57370b2df12fdfb1126f3407-ByteCodeDump-L428_L437,0,3,6,9,12,13,14,15,16,17,18,19,20,21,23,24,25,26,27,28,29,30,36,37,38,39,42,45,46,52,53,54,55,56,57,60,61,62,63,67,68,69,70,71,72,
uber-common-jvm-profiler-07ecfce5bbae89cae1415296d4c6eb7cdd7b7dfa-DatadogOutputReporter-L43_L49,
unitsofmeasurement-unit-ri-d412fc0b790d7c050dcfb2cba24a4316ece24b5c-DecimalFormat-L1895_L1900,1,3,5,6,7,8,10,11,12,13,14,16,17,19,21,23,25,26,50,80,81,82,83,85,118,121,124,126,129,130,133,
unitsofmeasurement-unit-ri-d412fc0b790d7c050dcfb2cba24a4316ece24b5c-DecimalFormat-L1927_L1931,0,1,2,3,4,5,6,7,8,9,11,12,13,14,15,16,17,18,19,20,21,22,23,24,25,26,63,64,116,122,123,124,125,126,127,136,139,142,147,149,
unitsofmeasurement-unit-ri-d412fc0b790d7c050dcfb2cba24a4316ece24b5c-DecimalFormat-L1941_L1946,1,3,5,6,7,8,10,11,12,13,14,16,17,19,21,23,25,26,52,82,83,84,85,87,122,125,128,130,133,134,137,
vangj-jbayes-4f3a542a4cab356b2b4a3d5d735ae0346429ef2d-Evidence-L259_L263,3,4,5,6,7,8,9,17,20,21,22,23,24,25,33,
vangj-jbayes-4f3a542a4cab356b2b4a3d5d735ae0346429ef2d-Evidence-L267_L267,0,1,2,3,11,
vangj-jbayes-4f3a542a4cab356b2b4a3d5d735ae0346429ef2d-Table-L40_L51,14,15,16,17,19,20,21,22,23,47,48,49,50,51,52,53,54,55,58,59,60,61,65,66,67,68,72,73,
vincentrussell-java-ini-parser-954dd3836aa39dd170202f95e356da1eb86c894d-Ini-L153_L156,
vizor-games-infraworld-cornerstone-2f8c792393fd8bbfc09d5bfdd36114230f64aa5c-CastGenerator-L242_L252,2,7,11,12,13,18,23,28,29,34,39,44,47,
vizor-games-infraworld-cornerstone-2f8c792393fd8bbfc09d5bfdd36114230f64aa5c-NestedTypesRemover-L117_L128,3,4,5,11,14,20,
vmzakharov-dataframe-ec-b5cef516c1f02207399f751ba922f9e5347f8f3c-DoubleFormatter-L33_L42,
vmzakharov-dataframe-ec-b5cef516c1f02207399f751ba922f9e5347f8f3c-LongFormatter-L33_L43,
wso2-config-mapper-353b0829d3bf3dae92312dea6ff1dddff9a74fe6-KeyMapper-L62_L62,3,
wso2-config-mapper-353b0829d3bf3dae92312dea6ff1dddff9a74fe6-MetaDataParser-L126_L134,9,10,11,12,16,17,18,21,26,27,30,
wso2-config-mapper-353b0829d3bf3dae92312dea6ff1dddff9a74fe6-Validator-L154_L160,3,4,5,6,11,12,13,14,19,20,21,22,23,24,25,28,31,35,
xcsp3team-XCSP3-Java-Tools-1567b06e77cb2a8b73a1ce65e4773cbf08f59ce0-ProblemDataHandler-L176_L181,5,6,21,
xcsp3team-XCSP3-Java-Tools-1567b06e77cb2a8b73a1ce65e4773cbf08f59ce0-ProblemDataHandler-L186_L192,5,6,
xcsp3team-XCSP3-Java-Tools-1567b06e77cb2a8b73a1ce65e4773cbf08f59ce0-XParser-L331_L339,11,19,20,25,29,30,31,32,35,37,40,41,42,43,
ysc-word-daa57fa34645e39c6e0214d1f4698134963b65be-ChineseWordTokenizer-L139_L141,0,4,5,6,9,
ysc-word-daa57fa34645e39c6e0214d1f4698134963b65be-ChineseWordTokenizer-L148_L150,0,4,5,6,9,
ysc-word-daa57fa34645e39c6e0214d1f4698134963b65be-DictionaryFactory-L211_L220,8,9,10,11,13,14,16,21,22,23,24,25,26,27,28,29,30,31,32,35,45,46,47,48,50,51,52,53,54,58,59,60,61,69,70,71,72,74,77,78,79,81,82,84,
ysc-word-daa57fa34645e39c6e0214d1f4698134963b65be-DictionaryTools-L101_L113,5,6,9,10,11,12,13,22,23,24,25,26,30,95,96,99,128,130,159,192,232,237,
ysc-word-daa57fa34645e39c6e0214d1f4698134963b65be-PureEnglish-L82_L88,0,1,2,3,4,5,6,7,8,9,13,14,15,18,23,24,33,34,35,38,
yuch7-cwlexec-08b3e8ac1017f5a43d4d33699d1c9d4cb32a89e1-IOUtil-L469_L475,0,1,2,4,5,6,7,8,9,10,12,15,42,63,64,88,95,97,124,125,128,129,130,131,132,133,134,135,136,137,138,139,140,141,142,143,144,145,146,147,148,149,150,151,152,153,154,155,156,157,158,182,185,186,187,188,189,190,191,192,193,194,195,196,197,198,199,200,201,202,203,204,205,206,207,208,209,210,211,212,214,215,218,219,220,221,222,223,224,225,226,227,228,229,230,231,232,233,234,235,236,237,238,239,240,241,242,243,244,245,246,247,248,269,272,273,274,275,276,277,278,279,280,281,282,283,284,285,286,287,288,289,290,291,292,293,294,295,296,297,298,299,301,302,305,306,307,308,309,310,311,312,313,314,315,316,317,318,319,320,321,322,323,324,325,326,327,328,329,330,331,332,333,334,335,354,357,358,359,360,361,362,363,364,365,366,367,368,369,370,371,372,373,374,375,376,377,378,379,380,381,382,383,384,386,389,393,396,
Zettelkasten-Team-Zettelkasten-b68dc7638b9f9287c9528d4171a9014e8ba3eed3-ImportFromZkn-L621_L638,2,9,10,14,15,16,28,29,33,34,
Zettelkasten-Team-Zettelkasten-b68dc7638b9f9287c9528d4171a9014e8ba3eed3-ImportFromZkn-L771_L806,0,1,2,3,4,5,6,7,8,9,10,11,12,13,14,15,16,17,20,22,23,24,25,26,27,28,30,36,37,38,39,40,41,42,43,44,47,48,51,52,53,54,55,56,57,58,59,60,61,62,63,64,65,66,67,68,71,74,80,82,83,84,85,86,87,88,89,90,91,92,93,94,95,96,99,100,102,103,104,105,107,108,109,110,111,112,113,114,115,116,117,118,119,120,121,124,125,127,128,129,130,132,133,134,135,136,137,138,139,140,141,142,143,144,145,146,149,150,152,153,154,155,157,158,159,160,161,162,163,164,165,166,167,168,169,170,171,174,175,177,178,179,180,182,183,184,185,186,187,188,189,190,191,192,193,194,195,196,199,200,202,203,204,205,207,208,209,210,211,212,213,214,215,216,217,218,219,220,221,224,225,227,228,229,230,232,233,234,235,236,237,238,239,240,241,242,243,244,245,246,249,252,258,260,261,262,263,264,265,266,267,268,269,270,271,272,273,274,277,280,286,288,289,290,291,292,293,294,295,296,297,298,299,300,301,302,305,308,314,316,317,318,319,320,321,322,323,324,325,326,327,328,329,330,333,336,342,344,345,346,347,348,349,
